check,passed
6/parent/kernel/twelve_attempts,True
6/parent/kernel/selection,True
6/parent/kernel/bounded_proposals,True
6/parent/kernel/constructor_uniqueness,True
6/parent/kernel/common_coverage,True
6/parent/kernel/parent_order,True
6/parent/kernel/applicability,True
6/parent/forest/twelve_attempts,True
6/parent/forest/selection,True
6/parent/forest/bounded_proposals,True
6/parent/forest/constructor_uniqueness,True
6/parent/forest/common_coverage,True
6/parent/forest/parent_order,True
6/parent/forest/applicability,True
6/parent/linear/twelve_attempts,True
6/parent/linear/selection,True
6/parent/linear/bounded_proposals,True
6/parent/linear/constructor_uniqueness,True
6/parent/linear/common_coverage,True
6/parent/linear/parent_order,True
6/parent/linear/applicability,True
6/parent/reference/twelve_attempts,True
6/parent/reference/selection,True
6/parent/reference/bounded_proposals,True
6/parent/reference/constructor_uniqueness,True
6/parent/reference/common_coverage,True
6/parent/reference/parent_order,True
6/parent/reference/applicability,True
6/parent/all_failed_refused,True
6/i0/kernel/twelve_attempts,True
6/i0/kernel/selection,True
6/i0/kernel/bounded_proposals,True
6/i0/kernel/constructor_uniqueness,True
6/i0/kernel/common_coverage,True
6/i0/kernel/parent_order,True
6/i0/kernel/applicability,True
6/i0/forest/twelve_attempts,True
6/i0/forest/selection,True
6/i0/forest/bounded_proposals,True
6/i0/forest/constructor_uniqueness,True
6/i0/forest/common_coverage,True
6/i0/forest/parent_order,True
6/i0/forest/applicability,True
6/i0/linear/twelve_attempts,True
6/i0/linear/selection,True
6/i0/linear/bounded_proposals,True
6/i0/linear/constructor_uniqueness,True
6/i0/linear/common_coverage,True
6/i0/linear/parent_order,True
6/i0/linear/applicability,True
6/i0/reference/twelve_attempts,True
6/i0/reference/selection,True
6/i0/reference/bounded_proposals,True
6/i0/reference/constructor_uniqueness,True
6/i0/reference/common_coverage,True
6/i0/reference/parent_order,True
6/i0/reference/applicability,True
6/i0/all_failed_refused,True
6/i1/kernel/twelve_attempts,True
6/i1/kernel/selection,True
6/i1/kernel/bounded_proposals,True
6/i1/kernel/constructor_uniqueness,True
6/i1/kernel/common_coverage,True
6/i1/kernel/parent_order,True
6/i1/kernel/applicability,True
6/i1/forest/twelve_attempts,True
6/i1/forest/selection,True
6/i1/forest/bounded_proposals,True
6/i1/forest/constructor_uniqueness,True
6/i1/forest/common_coverage,True
6/i1/forest/parent_order,True
6/i1/forest/applicability,True
6/i1/linear/twelve_attempts,True
6/i1/linear/selection,True
6/i1/linear/bounded_proposals,True
6/i1/linear/constructor_uniqueness,True
6/i1/linear/common_coverage,True
6/i1/linear/parent_order,True
6/i1/linear/applicability,True
6/i1/reference/twelve_attempts,True
6/i1/reference/selection,True
6/i1/reference/bounded_proposals,True
6/i1/reference/constructor_uniqueness,True
6/i1/reference/common_coverage,True
6/i1/reference/parent_order,True
6/i1/reference/applicability,True
6/i1/all_failed_refused,True
23/parent/kernel/twelve_attempts,True
23/parent/kernel/selection,True
23/parent/kernel/bounded_proposals,True
23/parent/kernel/constructor_uniqueness,True
23/parent/kernel/common_coverage,True
23/parent/kernel/parent_order,True
23/parent/kernel/applicability,True
23/parent/forest/twelve_attempts,True
23/parent/forest/selection,True
23/parent/forest/bounded_proposals,True
23/parent/forest/constructor_uniqueness,True
23/parent/forest/common_coverage,True
23/parent/forest/parent_order,True
23/parent/forest/applicability,True
23/parent/linear/twelve_attempts,True
23/parent/linear/selection,True
23/parent/linear/bounded_proposals,True
23/parent/linear/constructor_uniqueness,True
23/parent/linear/common_coverage,True
23/parent/linear/parent_order,True
23/parent/linear/applicability,True
23/parent/reference/twelve_attempts,True
23/parent/reference/selection,True
23/parent/reference/bounded_proposals,True
23/parent/reference/constructor_uniqueness,True
23/parent/reference/common_coverage,True
23/parent/reference/parent_order,True
23/parent/reference/applicability,True
23/parent/all_failed_refused,True
23/i0/kernel/twelve_attempts,True
23/i0/kernel/selection,True
23/i0/kernel/bounded_proposals,True
23/i0/kernel/constructor_uniqueness,True
23/i0/kernel/common_coverage,True
23/i0/kernel/parent_order,True
23/i0/kernel/applicability,True
23/i0/forest/twelve_attempts,True
23/i0/forest/selection,True
23/i0/forest/bounded_proposals,True
23/i0/forest/constructor_uniqueness,True
23/i0/forest/common_coverage,True
23/i0/forest/parent_order,True
23/i0/forest/applicability,True
23/i0/linear/twelve_attempts,True
23/i0/linear/selection,True
23/i0/linear/bounded_proposals,True
23/i0/linear/constructor_uniqueness,True
23/i0/linear/common_coverage,True
23/i0/linear/parent_order,True
23/i0/linear/applicability,True
23/i0/reference/twelve_attempts,True
23/i0/reference/selection,True
23/i0/reference/bounded_proposals,True
23/i0/reference/constructor_uniqueness,True
23/i0/reference/common_coverage,True
23/i0/reference/parent_order,True
23/i0/reference/applicability,True
23/i0/all_failed_refused,True
23/i1/kernel/twelve_attempts,True
23/i1/kernel/selection,True
23/i1/kernel/bounded_proposals,True
23/i1/kernel/constructor_uniqueness,True
23/i1/kernel/common_coverage,True
23/i1/kernel/parent_order,True
23/i1/kernel/applicability,True
23/i1/forest/twelve_attempts,True
23/i1/forest/selection,True
23/i1/forest/bounded_proposals,True
23/i1/forest/constructor_uniqueness,True
23/i1/forest/common_coverage,True
23/i1/forest/parent_order,True
23/i1/forest/applicability,True
23/i1/linear/twelve_attempts,True
23/i1/linear/selection,True
23/i1/linear/bounded_proposals,True
23/i1/linear/constructor_uniqueness,True
23/i1/linear/common_coverage,True
23/i1/linear/parent_order,True
23/i1/linear/applicability,True
23/i1/reference/twelve_attempts,True
23/i1/reference/selection,True
23/i1/reference/bounded_proposals,True
23/i1/reference/constructor_uniqueness,True
23/i1/reference/common_coverage,True
23/i1/reference/parent_order,True
23/i1/reference/applicability,True
23/i1/all_failed_refused,True
31/parent/kernel/twelve_attempts,True
31/parent/kernel/selection,True
31/parent/kernel/bounded_proposals,True
31/parent/kernel/constructor_uniqueness,True
31/parent/kernel/common_coverage,True
31/parent/kernel/parent_order,True
31/parent/kernel/applicability,True
31/parent/forest/twelve_attempts,True
31/parent/forest/selection,True
31/parent/forest/bounded_proposals,True
31/parent/forest/constructor_uniqueness,True
31/parent/forest/common_coverage,True
31/parent/forest/parent_order,True
31/parent/forest/applicability,True
31/parent/linear/twelve_attempts,True
31/parent/linear/selection,True
31/parent/linear/bounded_proposals,True
31/parent/linear/constructor_uniqueness,True
31/parent/linear/common_coverage,True
31/parent/linear/parent_order,True
31/parent/linear/applicability,True
31/parent/reference/twelve_attempts,True
31/parent/reference/selection,True
31/parent/reference/bounded_proposals,True
31/parent/reference/constructor_uniqueness,True
31/parent/reference/common_coverage,True
31/parent/reference/parent_order,True
31/parent/reference/applicability,True
31/parent/all_failed_refused,True
31/i0/kernel/twelve_attempts,True
31/i0/kernel/selection,True
31/i0/kernel/bounded_proposals,True
31/i0/kernel/constructor_uniqueness,True
31/i0/kernel/common_coverage,True
31/i0/kernel/parent_order,True
31/i0/kernel/applicability,True
31/i0/forest/twelve_attempts,True
31/i0/forest/selection,True
31/i0/forest/bounded_proposals,True
31/i0/forest/constructor_uniqueness,True
31/i0/forest/common_coverage,True
31/i0/forest/parent_order,True
31/i0/forest/applicability,True
31/i0/linear/twelve_attempts,True
31/i0/linear/selection,True
31/i0/linear/bounded_proposals,True
31/i0/linear/constructor_uniqueness,True
31/i0/linear/common_coverage,True
31/i0/linear/parent_order,True
31/i0/linear/applicability,True
31/i0/reference/twelve_attempts,True
31/i0/reference/selection,True
31/i0/reference/bounded_proposals,True
31/i0/reference/constructor_uniqueness,True
31/i0/reference/common_coverage,True
31/i0/reference/parent_order,True
31/i0/reference/applicability,True
31/i0/all_failed_refused,True
31/i1/kernel/twelve_attempts,True
31/i1/kernel/selection,True
31/i1/kernel/bounded_proposals,True
31/i1/kernel/constructor_uniqueness,True
31/i1/kernel/common_coverage,True
31/i1/kernel/parent_order,True
31/i1/kernel/applicability,True
31/i1/forest/twelve_attempts,True
31/i1/forest/selection,True
31/i1/forest/bounded_proposals,True
31/i1/forest/constructor_uniqueness,True
31/i1/forest/common_coverage,True
31/i1/forest/parent_order,True
31/i1/forest/applicability,True
31/i1/linear/twelve_attempts,True
31/i1/linear/selection,True
31/i1/linear/bounded_proposals,True
31/i1/linear/constructor_uniqueness,True
31/i1/linear/common_coverage,True
31/i1/linear/parent_order,True
31/i1/linear/applicability,True
31/i1/reference/twelve_attempts,True
31/i1/reference/selection,True
31/i1/reference/bounded_proposals,True
31/i1/reference/constructor_uniqueness,True
31/i1/reference/common_coverage,True
31/i1/reference/parent_order,True
31/i1/reference/applicability,True
31/i1/all_failed_refused,True
361235/parent/kernel/twelve_attempts,True
361235/parent/kernel/selection,True
361235/parent/kernel/bounded_proposals,True
361235/parent/kernel/constructor_uniqueness,True
361235/parent/kernel/common_coverage,True
361235/parent/kernel/parent_order,True
361235/parent/kernel/applicability,True
361235/parent/forest/twelve_attempts,True
361235/parent/forest/selection,True
361235/parent/forest/bounded_proposals,True
361235/parent/forest/constructor_uniqueness,True
361235/parent/forest/common_coverage,True
361235/parent/forest/parent_order,True
361235/parent/forest/applicability,True
361235/parent/linear/twelve_attempts,True
361235/parent/linear/selection,True
361235/parent/linear/bounded_proposals,True
361235/parent/linear/constructor_uniqueness,True
361235/parent/linear/common_coverage,True
361235/parent/linear/parent_order,True
361235/parent/linear/applicability,True
361235/parent/reference/twelve_attempts,True
361235/parent/reference/selection,True
361235/parent/reference/bounded_proposals,True
361235/parent/reference/constructor_uniqueness,True
361235/parent/reference/common_coverage,True
361235/parent/reference/parent_order,True
361235/parent/reference/applicability,True
361235/parent/all_failed_refused,True
361235/i0/kernel/twelve_attempts,True
361235/i0/kernel/selection,True
361235/i0/kernel/bounded_proposals,True
361235/i0/kernel/constructor_uniqueness,True
361235/i0/kernel/common_coverage,True
361235/i0/kernel/parent_order,True
361235/i0/kernel/applicability,True
361235/i0/forest/twelve_attempts,True
361235/i0/forest/selection,True
361235/i0/forest/bounded_proposals,True
361235/i0/forest/constructor_uniqueness,True
361235/i0/forest/common_coverage,True
361235/i0/forest/parent_order,True
361235/i0/forest/applicability,True
361235/i0/linear/twelve_attempts,True
361235/i0/linear/selection,True
361235/i0/linear/bounded_proposals,True
361235/i0/linear/constructor_uniqueness,True
361235/i0/linear/common_coverage,True
361235/i0/linear/parent_order,True
361235/i0/linear/applicability,True
361235/i0/reference/twelve_attempts,True
361235/i0/reference/selection,True
361235/i0/reference/bounded_proposals,True
361235/i0/reference/constructor_uniqueness,True
361235/i0/reference/common_coverage,True
361235/i0/reference/parent_order,True
361235/i0/reference/applicability,True
361235/i0/all_failed_refused,True
361235/i1/kernel/twelve_attempts,True
361235/i1/kernel/selection,True
361235/i1/kernel/bounded_proposals,True
361235/i1/kernel/constructor_uniqueness,True
361235/i1/kernel/common_coverage,True
361235/i1/kernel/parent_order,True
361235/i1/kernel/applicability,True
361235/i1/forest/twelve_attempts,True
361235/i1/forest/selection,True
361235/i1/forest/bounded_proposals,True
361235/i1/forest/constructor_uniqueness,True
361235/i1/forest/common_coverage,True
361235/i1/forest/parent_order,True
361235/i1/forest/applicability,True
361235/i1/linear/twelve_attempts,True
361235/i1/linear/selection,True
361235/i1/linear/bounded_proposals,True
361235/i1/linear/constructor_uniqueness,True
361235/i1/linear/common_coverage,True
361235/i1/linear/parent_order,True
361235/i1/linear/applicability,True
361235/i1/reference/twelve_attempts,True
361235/i1/reference/selection,True
361235/i1/reference/bounded_proposals,True
361235/i1/reference/constructor_uniqueness,True
361235/i1/reference/common_coverage,True
361235/i1/reference/parent_order,True
361235/i1/reference/applicability,True
361235/i1/all_failed_refused,True
361237/parent/kernel/twelve_attempts,True
361237/parent/kernel/selection,True
361237/parent/kernel/bounded_proposals,True
361237/parent/kernel/constructor_uniqueness,True
361237/parent/kernel/common_coverage,True
361237/parent/kernel/parent_order,True
361237/parent/kernel/applicability,True
361237/parent/forest/twelve_attempts,True
361237/parent/forest/selection,True
361237/parent/forest/bounded_proposals,True
361237/parent/forest/constructor_uniqueness,True
361237/parent/forest/common_coverage,True
361237/parent/forest/parent_order,True
361237/parent/forest/applicability,True
361237/parent/linear/twelve_attempts,True
361237/parent/linear/selection,True
361237/parent/linear/bounded_proposals,True
361237/parent/linear/constructor_uniqueness,True
361237/parent/linear/common_coverage,True
361237/parent/linear/parent_order,True
361237/parent/linear/applicability,True
361237/parent/reference/twelve_attempts,True
361237/parent/reference/selection,True
361237/parent/reference/bounded_proposals,True
361237/parent/reference/constructor_uniqueness,True
361237/parent/reference/common_coverage,True
361237/parent/reference/parent_order,True
361237/parent/reference/applicability,True
361237/parent/all_failed_refused,True
361237/i0/kernel/twelve_attempts,True
361237/i0/kernel/selection,True
361237/i0/kernel/bounded_proposals,True
361237/i0/kernel/constructor_uniqueness,True
361237/i0/kernel/common_coverage,True
361237/i0/kernel/parent_order,True
361237/i0/kernel/applicability,True
361237/i0/forest/twelve_attempts,True
361237/i0/forest/selection,True
361237/i0/forest/bounded_proposals,True
361237/i0/forest/constructor_uniqueness,True
361237/i0/forest/common_coverage,True
361237/i0/forest/parent_order,True
361237/i0/forest/applicability,True
361237/i0/linear/twelve_attempts,True
361237/i0/linear/selection,True
361237/i0/linear/bounded_proposals,True
361237/i0/linear/constructor_uniqueness,True
361237/i0/linear/common_coverage,True
361237/i0/linear/parent_order,True
361237/i0/linear/applicability,True
361237/i0/reference/twelve_attempts,True
361237/i0/reference/selection,True
361237/i0/reference/bounded_proposals,True
361237/i0/reference/constructor_uniqueness,True
361237/i0/reference/common_coverage,True
361237/i0/reference/parent_order,True
361237/i0/reference/applicability,True
361237/i0/all_failed_refused,True
361237/i1/kernel/twelve_attempts,True
361237/i1/kernel/selection,True
361237/i1/kernel/bounded_proposals,True
361237/i1/kernel/constructor_uniqueness,True
361237/i1/kernel/common_coverage,True
361237/i1/kernel/parent_order,True
361237/i1/kernel/applicability,True
361237/i1/forest/twelve_attempts,True
361237/i1/forest/selection,True
361237/i1/forest/bounded_proposals,True
361237/i1/forest/constructor_uniqueness,True
361237/i1/forest/common_coverage,True
361237/i1/forest/parent_order,True
361237/i1/forest/applicability,True
361237/i1/linear/twelve_attempts,True
361237/i1/linear/selection,True
361237/i1/linear/bounded_proposals,True
361237/i1/linear/constructor_uniqueness,True
361237/i1/linear/common_coverage,True
361237/i1/linear/parent_order,True
361237/i1/linear/applicability,True
361237/i1/reference/twelve_attempts,True
361237/i1/reference/selection,True
361237/i1/reference/bounded_proposals,True
361237/i1/reference/constructor_uniqueness,True
361237/i1/reference/common_coverage,True
361237/i1/reference/parent_order,True
361237/i1/reference/applicability,True
361237/i1/all_failed_refused,True
361247/parent/kernel/twelve_attempts,True
361247/parent/kernel/selection,True
361247/parent/kernel/bounded_proposals,True
361247/parent/kernel/constructor_uniqueness,True
361247/parent/kernel/common_coverage,True
361247/parent/kernel/parent_order,True
361247/parent/kernel/applicability,True
361247/parent/forest/twelve_attempts,True
361247/parent/forest/selection,True
361247/parent/forest/bounded_proposals,True
361247/parent/forest/constructor_uniqueness,True
361247/parent/forest/common_coverage,True
361247/parent/forest/parent_order,True
361247/parent/forest/applicability,True
361247/parent/linear/twelve_attempts,True
361247/parent/linear/selection,True
361247/parent/linear/bounded_proposals,True
361247/parent/linear/constructor_uniqueness,True
361247/parent/linear/common_coverage,True
361247/parent/linear/parent_order,True
361247/parent/linear/applicability,True
361247/parent/reference/twelve_attempts,True
361247/parent/reference/selection,True
361247/parent/reference/bounded_proposals,True
361247/parent/reference/constructor_uniqueness,True
361247/parent/reference/common_coverage,True
361247/parent/reference/parent_order,True
361247/parent/reference/applicability,True
361247/parent/all_failed_refused,True
361247/i0/kernel/twelve_attempts,True
361247/i0/kernel/selection,True
361247/i0/kernel/bounded_proposals,True
361247/i0/kernel/constructor_uniqueness,True
361247/i0/kernel/common_coverage,True
361247/i0/kernel/parent_order,True
361247/i0/kernel/applicability,True
361247/i0/forest/twelve_attempts,True
361247/i0/forest/selection,True
361247/i0/forest/bounded_proposals,True
361247/i0/forest/constructor_uniqueness,True
361247/i0/forest/common_coverage,True
361247/i0/forest/parent_order,True
361247/i0/forest/applicability,True
361247/i0/linear/twelve_attempts,True
361247/i0/linear/selection,True
361247/i0/linear/bounded_proposals,True
361247/i0/linear/constructor_uniqueness,True
361247/i0/linear/common_coverage,True
361247/i0/linear/parent_order,True
361247/i0/linear/applicability,True
361247/i0/reference/twelve_attempts,True
361247/i0/reference/selection,True
361247/i0/reference/bounded_proposals,True
361247/i0/reference/constructor_uniqueness,True
361247/i0/reference/common_coverage,True
361247/i0/reference/parent_order,True
361247/i0/reference/applicability,True
361247/i0/all_failed_refused,True
361247/i1/kernel/twelve_attempts,True
361247/i1/kernel/selection,True
361247/i1/kernel/bounded_proposals,True
361247/i1/kernel/constructor_uniqueness,True
361247/i1/kernel/common_coverage,True
361247/i1/kernel/parent_order,True
361247/i1/kernel/applicability,True
361247/i1/forest/twelve_attempts,True
361247/i1/forest/selection,True
361247/i1/forest/bounded_proposals,True
361247/i1/forest/constructor_uniqueness,True
361247/i1/forest/common_coverage,True
361247/i1/forest/parent_order,True
361247/i1/forest/applicability,True
361247/i1/linear/twelve_attempts,True
361247/i1/linear/selection,True
361247/i1/linear/bounded_proposals,True
361247/i1/linear/constructor_uniqueness,True
361247/i1/linear/common_coverage,True
361247/i1/linear/parent_order,True
361247/i1/linear/applicability,True
361247/i1/reference/twelve_attempts,True
361247/i1/reference/selection,True
361247/i1/reference/bounded_proposals,True
361247/i1/reference/constructor_uniqueness,True
361247/i1/reference/common_coverage,True
361247/i1/reference/parent_order,True
361247/i1/reference/applicability,True
361247/i1/all_failed_refused,True
distinct_researchers,True
rejected_child_recovery,True
preflight_completed,True
