source_row,actual,predicted,hour
8645,48,109.0,0
8646,93,109.0,1
8647,75,109.0,2
8648,52,109.0,3
8649,8,109.0,4
8650,5,109.0,5
8651,2,109.0,6
8652,7,109.0,7
8653,14,109.0,8
8654,40,109.0,9
8655,70,109.0,10
8656,138,109.0,11
8657,201,109.0,12
8658,223,109.0,13
8659,267,109.0,14
8660,265,109.0,15
8661,215,109.0,16
8662,111,109.0,17
8663,106,109.0,18
8664,105,109.0,19
8665,83,109.0,20
8666,71,109.0,21
8667,66,109.0,22
8668,29,109.0,23
8669,39,109.0,0
8670,12,109.0,1
8671,7,109.0,2
8672,4,109.0,4
8673,4,109.0,5
8674,14,109.0,6
8675,16,109.0,7
8676,53,109.0,8
8677,68,109.0,9
8678,109,109.0,10
8679,175,109.0,11
8680,202,109.0,12
8681,176,109.0,13
8682,151,109.0,14
8683,168,109.0,15
8684,154,109.0,16
8685,153,109.0,17
8686,126,109.0,18
8687,93,109.0,19
8688,88,109.0,20
8689,66,109.0,21
8690,39,109.0,22
8691,34,109.0,23
8692,13,109.0,0
8693,6,109.0,1
8694,3,109.0,2
8695,2,109.0,3
8696,5,109.0,4
8697,12,109.0,5
8698,85,109.0,6
8699,170,109.0,7
8700,354,109.0,8
8701,153,109.0,9
8702,60,109.0,10
8703,75,109.0,11
8704,74,109.0,12
8705,73,109.0,13
8706,79,109.0,14
8707,77,109.0,15
8708,136,109.0,16
8709,245,109.0,17
8710,224,109.0,18
8711,156,109.0,19
8712,115,109.0,20
8713,68,109.0,21
8714,33,109.0,22
8715,18,109.0,23
8716,9,109.0,0
8717,3,109.0,1
8718,1,109.0,2
8719,1,109.0,3
8720,2,109.0,4
8721,14,109.0,5
8722,59,109.0,6
8723,152,109.0,7
8724,315,109.0,8
8725,180,109.0,9
8726,64,109.0,10
8727,46,109.0,11
8728,84,109.0,12
8729,91,109.0,13
8730,75,109.0,14
8731,90,109.0,15
8732,131,109.0,16
8733,281,109.0,17
8734,289,109.0,18
8735,184,109.0,19
8736,123,109.0,20
8737,90,109.0,21
8738,52,109.0,22
8739,32,109.0,23
8740,14,109.0,0
8741,5,109.0,1
8742,4,109.0,2
8743,4,109.0,3
8744,5,109.0,4
8745,26,109.0,5
8746,78,109.0,6
8747,215,109.0,7
8748,388,109.0,8
8749,227,109.0,9
8750,86,109.0,10
8751,84,109.0,11
8752,120,109.0,12
8753,118,109.0,13
8754,117,109.0,14
8755,119,109.0,15
8756,197,109.0,16
8757,412,109.0,17
8758,383,109.0,18
8759,265,109.0,19
8760,177,109.0,20
8761,97,109.0,21
8762,71,109.0,22
8763,60,109.0,23
8764,25,109.0,0
8765,8,109.0,1
8766,5,109.0,2
8767,4,109.0,3
8768,3,109.0,4
8769,13,109.0,5
8770,70,109.0,6
8771,205,109.0,7
8772,447,109.0,8
8773,241,109.0,9
8774,116,109.0,10
8775,138,109.0,11
8776,191,109.0,12
8777,204,109.0,13
8778,178,109.0,14
8779,222,109.0,15
8780,294,109.0,16
8781,476,109.0,17
8782,419,109.0,18
8783,272,109.0,19
8784,177,109.0,20
8785,154,109.0,21
8786,135,109.0,22
8787,101,109.0,23
8788,79,109.0,0
8789,62,109.0,1
8790,38,109.0,2
8791,20,109.0,3
8792,10,109.0,4
8793,9,109.0,5
8794,7,109.0,6
8795,20,109.0,7
8796,64,109.0,8
8797,130,109.0,9
8798,203,109.0,10
8799,324,109.0,11
8800,376,109.0,12
8801,445,109.0,13
8802,512,109.0,14
8803,449,109.0,15
8804,401,109.0,16
8805,322,109.0,17
8806,297,109.0,18
8807,215,109.0,19
8808,170,109.0,20
8809,140,109.0,21
8810,109,109.0,22
8811,119,109.0,23
8812,91,109.0,0
8813,72,109.0,1
8814,67,109.0,2
8815,32,109.0,3
8816,6,109.0,4
8817,2,109.0,5
8818,2,109.0,6
8819,24,109.0,7
8820,57,109.0,8
8821,125,109.0,9
8822,208,109.0,10
8823,256,109.0,11
8824,351,109.0,12
8825,343,109.0,13
8826,328,109.0,14
8827,330,109.0,15
8828,314,109.0,16
8829,219,109.0,17
8830,181,109.0,18
8831,112,109.0,19
8832,126,109.0,20
8833,91,109.0,21
8834,58,109.0,22
8835,30,109.0,23
8836,15,109.0,0
8837,5,109.0,1
8838,5,109.0,2
8839,3,109.0,3
8840,4,109.0,4
8841,21,109.0,5
8842,88,109.0,6
8843,240,109.0,7
8844,420,109.0,8
8845,197,109.0,9
8846,108,109.0,10
8847,88,109.0,11
8848,103,109.0,12
8849,80,109.0,13
8850,50,109.0,14
8851,69,109.0,15
8852,49,109.0,16
8853,152,109.0,17
8854,164,109.0,18
8855,190,109.0,19
8856,132,109.0,20
8857,79,109.0,21
8858,62,109.0,22
8859,52,109.0,23
8860,14,109.0,0
8861,5,109.0,1
8862,4,109.0,2
8863,4,109.0,4
8864,23,109.0,5
8865,79,109.0,6
8866,222,109.0,7
8867,471,109.0,8
8868,195,109.0,9
8869,83,109.0,10
8870,101,109.0,11
8871,140,109.0,12
8872,178,109.0,13
8873,106,109.0,14
8874,136,109.0,15
8875,240,109.0,16
8876,460,109.0,17
8877,385,109.0,18
8878,281,109.0,19
8879,200,109.0,20
8880,116,109.0,21
8881,114,109.0,22
8882,41,109.0,23
8883,28,109.0,0
8884,7,109.0,1
8885,5,109.0,2
8886,4,109.0,3
8887,2,109.0,4
8888,22,109.0,5
8889,74,109.0,6
8890,256,109.0,7
8891,499,109.0,8
8892,225,109.0,9
8893,97,109.0,10
8894,99,109.0,11
8895,55,109.0,12
8896,65,109.0,13
8897,73,109.0,14
8898,79,109.0,15
8899,118,109.0,16
8900,134,109.0,17
8901,98,109.0,18
8902,93,109.0,19
8903,57,109.0,20
8904,29,109.0,21
8905,49,109.0,22
8906,9,109.0,23
8907,3,109.0,0
8908,3,109.0,1
8909,2,109.0,2
8910,3,109.0,3
8911,2,109.0,4
8912,16,109.0,5
8913,89,109.0,6
8914,220,109.0,7
8915,508,109.0,8
8916,230,109.0,9
8917,90,109.0,10
8918,119,109.0,11
8919,144,109.0,12
8920,183,109.0,13
8921,156,109.0,14
8922,188,109.0,15
8923,281,109.0,16
8924,495,109.0,17
8925,421,109.0,18
8926,330,109.0,19
8927,240,109.0,20
8928,174,109.0,21
8929,133,109.0,22
8930,67,109.0,23
8931,42,109.0,0
8932,12,109.0,1
8933,14,109.0,2
8934,7,109.0,3
8935,3,109.0,4
8936,21,109.0,5
8937,73,109.0,6
8938,177,109.0,7
8939,419,109.0,8
8940,214,109.0,9
8941,103,109.0,10
8942,114,109.0,11
8943,154,109.0,12
8944,154,109.0,13
8945,129,109.0,14
8946,138,109.0,15
8947,233,109.0,16
8948,332,109.0,17
8949,301,109.0,18
8950,206,109.0,19
8951,136,109.0,20
8952,102,109.0,21
8953,65,109.0,22
8954,65,109.0,23
8955,44,109.0,0
8956,50,109.0,1
8957,38,109.0,2
8958,20,109.0,3
8959,3,109.0,4
8960,4,109.0,5
8961,5,109.0,6
8962,24,109.0,7
8963,92,109.0,8
8964,81,109.0,9
8965,149,109.0,10
8966,178,109.0,11
8967,219,109.0,12
8968,220,109.0,13
8969,231,109.0,14
8970,226,109.0,15
8971,206,109.0,16
8972,144,109.0,17
8973,143,109.0,18
8974,102,109.0,19
8975,103,109.0,20
8976,69,109.0,21
8977,66,109.0,22
8978,76,109.0,23
8979,59,109.0,0
8980,42,109.0,1
8981,43,109.0,2
8982,25,109.0,3
8983,6,109.0,4
8984,5,109.0,5
8985,8,109.0,6
8986,17,109.0,7
8987,36,109.0,8
8988,90,109.0,9
8989,126,109.0,10
8990,165,109.0,11
8991,234,109.0,12
8992,224,109.0,13
8993,188,109.0,14
8994,206,109.0,15
8995,205,109.0,16
8996,146,109.0,17
8997,120,109.0,18
8998,110,109.0,19
8999,95,109.0,20
9000,72,109.0,21
9001,60,109.0,22
9002,29,109.0,23
9003,25,109.0,0
9004,20,109.0,1
9005,17,109.0,2
9006,3,109.0,3
9007,8,109.0,4
9008,6,109.0,5
9009,13,109.0,6
9010,33,109.0,7
9011,78,109.0,8
9012,96,109.0,9
9013,126,109.0,10
9014,179,109.0,11
9015,185,109.0,12
9016,228,109.0,13
9017,181,109.0,14
9018,192,109.0,15
9019,180,109.0,16
9020,193,109.0,17
9021,181,109.0,18
9022,144,109.0,19
9023,90,109.0,20
9024,49,109.0,21
9025,43,109.0,22
9026,28,109.0,23
9027,12,109.0,0
9028,2,109.0,1
9029,12,109.0,2
9030,2,109.0,4
9031,13,109.0,5
9032,57,109.0,6
9033,126,109.0,7
9034,93,109.0,8
9035,68,109.0,9
9036,62,109.0,10
9037,75,109.0,11
9038,86,109.0,12
9039,103,109.0,13
9040,132,109.0,14
9041,129,109.0,15
9042,219,109.0,16
9043,462,109.0,17
9044,463,109.0,18
9045,308,109.0,19
9046,180,109.0,20
9047,180,109.0,21
9048,90,109.0,22
9049,61,109.0,23
9050,17,109.0,0
9051,10,109.0,1
9052,2,109.0,2
9053,4,109.0,3
9054,1,109.0,4
9055,29,109.0,5
9056,88,109.0,6
9057,263,109.0,7
9058,489,109.0,8
9059,202,109.0,9
9060,93,109.0,10
9061,114,109.0,11
9062,161,109.0,12
9063,130,109.0,13
9064,105,109.0,14
9065,130,109.0,15
9066,176,109.0,16
9067,346,109.0,17
9068,355,109.0,18
9069,256,109.0,19
9070,165,109.0,20
9071,124,109.0,21
9072,78,109.0,22
9073,38,109.0,23
9074,16,109.0,0
9075,5,109.0,1
9076,3,109.0,2
9077,4,109.0,3
9078,1,109.0,4
9079,19,109.0,5
9080,86,109.0,6
9081,206,109.0,7
9082,423,109.0,8
9083,210,109.0,9
9084,108,109.0,10
9085,99,109.0,11
9086,111,109.0,12
9087,124,109.0,13
9088,119,109.0,14
9089,127,109.0,15
9090,193,109.0,16
9091,385,109.0,17
9092,361,109.0,18
9093,234,109.0,19
9094,191,109.0,20
9095,121,109.0,21
9096,90,109.0,22
9097,56,109.0,23
9098,27,109.0,0
9099,15,109.0,1
9100,11,109.0,2
9101,4,109.0,3
9102,3,109.0,4
9103,19,109.0,5
9104,68,109.0,6
9105,185,109.0,7
9106,425,109.0,8
9107,263,109.0,9
9108,97,109.0,10
9109,123,109.0,11
9110,124,109.0,12
9111,156,109.0,13
9112,115,109.0,14
9113,156,109.0,15
9114,174,109.0,16
9115,349,109.0,17
9116,301,109.0,18
9117,192,109.0,19
9118,142,109.0,20
9119,104,109.0,21
9120,72,109.0,22
9121,38,109.0,23
9122,24,109.0,0
9123,23,109.0,1
9124,26,109.0,2
9125,13,109.0,3
9126,1,109.0,4
9127,2,109.0,5
9128,1,109.0,6
9129,13,109.0,7
9130,25,109.0,8
9131,42,109.0,9
9132,45,109.0,10
9133,63,109.0,11
9134,67,109.0,12
9135,76,109.0,13
9136,95,109.0,14
9137,119,109.0,15
9138,118,109.0,16
9139,106,109.0,17
9140,110,109.0,18
9141,85,109.0,19
9142,67,109.0,20
9143,69,109.0,21
9144,59,109.0,22
9145,52,109.0,23
9146,52,109.0,0
9147,50,109.0,1
9148,47,109.0,2
9149,21,109.0,3
9150,2,109.0,4
9151,3,109.0,5
9152,4,109.0,6
9153,13,109.0,7
9154,32,109.0,8
9155,63,109.0,9
9156,129,109.0,10
9157,133,109.0,11
9158,185,109.0,12
9159,199,109.0,13
9160,182,109.0,14
9161,176,109.0,15
9162,155,109.0,16
9163,108,109.0,17
9164,121,109.0,18
9165,89,109.0,19
9166,74,109.0,20
9167,44,109.0,21
9168,58,109.0,22
9169,37,109.0,23
9170,19,109.0,0
9171,4,109.0,1
9172,2,109.0,2
9173,1,109.0,3
9174,1,109.0,4
9175,19,109.0,5
9176,42,109.0,6
9177,122,109.0,7
9178,272,109.0,8
9179,211,109.0,9
9180,149,109.0,10
9181,62,109.0,11
9182,62,109.0,12
9183,37,109.0,13
9184,61,109.0,14
9185,74,109.0,15
9186,122,109.0,16
9187,276,109.0,17
9188,282,109.0,18
9189,220,109.0,19
9190,169,109.0,20
9191,120,109.0,21
9192,68,109.0,22
9193,37,109.0,23
9194,25,109.0,0
9195,9,109.0,1
9196,8,109.0,2
9197,3,109.0,3
9198,2,109.0,4
9199,26,109.0,5
9200,89,109.0,6
9201,232,109.0,7
9202,490,109.0,8
9203,255,109.0,9
9204,116,109.0,10
9205,153,109.0,11
9206,175,109.0,12
9207,203,109.0,13
9208,173,109.0,14
9209,208,109.0,15
9210,278,109.0,16
9211,515,109.0,17
9212,423,109.0,18
9213,331,109.0,19
9214,229,109.0,20
9215,172,109.0,21
9216,125,109.0,22
9217,99,109.0,23
9218,31,109.0,0
9219,13,109.0,1
9220,6,109.0,2
9221,1,109.0,3
9222,4,109.0,4
9223,33,109.0,5
9224,88,109.0,6
9225,257,109.0,7
9226,513,109.0,8
9227,236,109.0,9
9228,141,109.0,10
9229,157,109.0,11
9230,193,109.0,12
9231,212,109.0,13
9232,160,109.0,14
9233,155,109.0,15
9234,246,109.0,16
9235,470,109.0,17
9236,439,109.0,18
9237,316,109.0,19
9238,235,109.0,20
9239,185,109.0,21
9240,113,109.0,22
9241,66,109.0,23
9242,25,109.0,0
9243,21,109.0,1
9244,7,109.0,2
9245,6,109.0,3
9246,3,109.0,4
9247,28,109.0,5
9248,88,109.0,6
9249,239,109.0,7
9250,530,109.0,8
9251,274,109.0,9
9252,108,109.0,10
9253,111,109.0,11
9254,165,109.0,12
9255,173,109.0,13
9256,128,109.0,14
9257,164,109.0,15
9258,224,109.0,16
9259,413,109.0,17
9260,406,109.0,18
9261,313,109.0,19
9262,224,109.0,20
9263,192,109.0,21
9264,142,109.0,22
9265,91,109.0,23
9266,38,109.0,0
9267,29,109.0,1
9268,13,109.0,2
9269,8,109.0,3
9270,4,109.0,4
9271,24,109.0,5
9272,72,109.0,6
9273,134,109.0,7
9274,220,109.0,8
9275,107,109.0,9
9276,126,109.0,10
9277,105,109.0,11
9278,180,109.0,12
9279,201,109.0,13
9280,176,109.0,14
9281,197,109.0,15
9282,267,109.0,16
9283,422,109.0,17
9284,383,109.0,18
9285,251,109.0,19
9286,159,109.0,20
9287,135,109.0,21
9288,119,109.0,22
9289,86,109.0,23
9290,69,109.0,0
9291,58,109.0,1
9292,41,109.0,2
9293,17,109.0,3
9294,8,109.0,4
9295,10,109.0,5
9296,15,109.0,6
9297,31,109.0,7
9298,91,109.0,8
9299,158,109.0,9
9300,191,109.0,10
9301,296,109.0,11
9302,314,109.0,12
9303,373,109.0,13
9304,362,109.0,14
9305,410,109.0,15
9306,407,109.0,16
9307,290,109.0,17
9308,241,109.0,18
9309,206,109.0,19
9310,120,109.0,20
9311,127,109.0,21
9312,103,109.0,22
9313,85,109.0,23
9314,96,109.0,0
9315,73,109.0,1
9316,51,109.0,2
9317,21,109.0,3
9318,5,109.0,4
9319,7,109.0,5
9320,5,109.0,6
9321,12,109.0,7
9322,70,109.0,8
9323,111,109.0,9
9324,191,109.0,10
9325,255,109.0,11
9326,288,109.0,12
9327,316,109.0,13
9328,280,109.0,14
9329,310,109.0,15
9330,322,109.0,16
9331,234,109.0,17
9332,168,109.0,18
9333,159,109.0,19
9334,111,109.0,20
9335,69,109.0,21
9336,64,109.0,22
9337,25,109.0,23
9338,10,109.0,0
9339,9,109.0,1
9340,7,109.0,2
9341,4,109.0,3
9342,5,109.0,4
9343,26,109.0,5
9344,80,109.0,6
9345,225,109.0,7
9346,493,109.0,8
9347,198,109.0,9
9348,85,109.0,10
9349,99,109.0,11
9350,134,109.0,12
9351,132,109.0,13
9352,115,109.0,14
9353,138,109.0,15
9354,221,109.0,16
9355,438,109.0,17
9356,410,109.0,18
9357,306,109.0,19
9358,181,109.0,20
9359,162,109.0,21
9360,94,109.0,22
9361,52,109.0,23
9362,15,109.0,0
9363,8,109.0,1
9364,2,109.0,2
9365,2,109.0,3
9366,1,109.0,4
9367,22,109.0,5
9368,104,109.0,6
9369,279,109.0,7
9370,512,109.0,8
9371,261,109.0,9
9372,144,109.0,10
9373,139,109.0,11
9374,194,109.0,12
9375,198,109.0,13
9376,160,109.0,14
9377,177,109.0,15
9378,307,109.0,16
9379,559,109.0,17
9380,502,109.0,18
9381,328,109.0,19
9382,238,109.0,20
9383,165,109.0,21
9384,129,109.0,22
9385,63,109.0,23
9386,31,109.0,0
9387,4,109.0,1
9388,7,109.0,2
9389,3,109.0,3
9390,1,109.0,4
9391,18,109.0,5
9392,67,109.0,6
9393,208,109.0,7
9394,520,109.0,8
9395,276,109.0,9
9396,133,109.0,10
9397,143,109.0,11
9398,179,109.0,12
9399,186,109.0,13
9400,192,109.0,14
9401,194,109.0,15
9402,283,109.0,16
9403,539,109.0,17
9404,526,109.0,18
9405,335,109.0,19
9406,264,109.0,20
9407,233,109.0,21
9408,140,109.0,22
9409,97,109.0,23
9410,31,109.0,0
9411,17,109.0,1
9412,9,109.0,2
9413,2,109.0,3
9414,1,109.0,4
9415,19,109.0,5
9416,74,109.0,6
9417,205,109.0,7
9418,445,109.0,8
9419,228,109.0,9
9420,78,109.0,10
9421,105,109.0,11
9422,148,109.0,12
9423,137,109.0,13
9424,141,109.0,14
9425,174,109.0,15
9426,229,109.0,16
9427,450,109.0,17
9428,410,109.0,18
9429,327,109.0,19
9430,213,109.0,20
9431,148,109.0,21
9432,109,109.0,22
9433,61,109.0,23
9434,38,109.0,0
9435,22,109.0,1
9436,6,109.0,2
9437,4,109.0,3
9438,2,109.0,4
9439,17,109.0,5
9440,88,109.0,6
9441,226,109.0,7
9442,441,109.0,8
9443,270,109.0,9
9444,129,109.0,10
9445,164,109.0,11
9446,216,109.0,12
9447,198,109.0,13
9448,170,109.0,14
9449,216,109.0,15
9450,311,109.0,16
9451,488,109.0,17
9452,385,109.0,18
9453,267,109.0,19
9454,163,109.0,20
9455,134,109.0,21
9456,119,109.0,22
9457,77,109.0,23
9458,86,109.0,0
9459,43,109.0,1
9460,44,109.0,2
9461,18,109.0,3
9462,6,109.0,4
9463,4,109.0,5
9464,5,109.0,6
9465,28,109.0,7
9466,90,109.0,8
9467,157,109.0,9
9468,224,109.0,10
9469,270,109.0,11
9470,300,109.0,12
9471,302,109.0,13
9472,276,109.0,14
9473,305,109.0,15
9474,143,109.0,16
9475,67,109.0,17
9476,64,109.0,18
9477,80,109.0,19
9478,77,109.0,20
9479,78,109.0,21
9480,95,109.0,22
9481,70,109.0,23
9482,61,109.0,0
9483,51,109.0,1
9484,63,109.0,2
9485,17,109.0,3
9486,9,109.0,4
9487,4,109.0,5
9488,4,109.0,6
9489,16,109.0,7
9490,62,109.0,8
9491,92,109.0,9
9492,148,109.0,10
9493,182,109.0,11
9494,248,109.0,12
9495,274,109.0,13
9496,243,109.0,14
9497,272,109.0,15
9498,296,109.0,16
9499,306,109.0,17
9500,181,109.0,18
9501,69,109.0,19
9502,50,109.0,20
9503,66,109.0,21
9504,191,109.0,22
9505,42,109.0,23
9506,21,109.0,0
9507,6,109.0,1
9508,3,109.0,2
9509,2,109.0,4
9510,17,109.0,5
9511,72,109.0,6
9512,234,109.0,7
9513,444,109.0,8
9514,277,109.0,9
9515,116,109.0,10
9516,116,109.0,11
9517,150,109.0,12
9518,141,109.0,13
9519,140,109.0,14
9520,171,109.0,15
9521,228,109.0,16
9522,430,109.0,17
9523,437,109.0,18
9524,291,109.0,19
9525,201,109.0,20
9526,154,109.0,21
9527,87,109.0,22
9528,46,109.0,23
9529,23,109.0,0
9530,14,109.0,1
9531,4,109.0,2
9532,2,109.0,3
9533,3,109.0,4
9534,15,109.0,5
9535,100,109.0,6
9536,299,109.0,7
9537,529,109.0,8
9538,289,109.0,9
9539,116,109.0,10
9540,129,109.0,11
9541,172,109.0,12
9542,184,109.0,13
9543,138,109.0,14
9544,146,109.0,15
9545,276,109.0,16
9546,509,109.0,17
9547,518,109.0,18
9548,338,109.0,19
9549,212,109.0,20
9550,190,109.0,21
9551,118,109.0,22
9552,51,109.0,23
9553,23,109.0,0
9554,10,109.0,1
9555,1,109.0,2
9556,1,109.0,3
9557,1,109.0,4
9558,20,109.0,5
9559,98,109.0,6
9560,281,109.0,7
9561,508,109.0,8
9562,253,109.0,9
9563,108,109.0,10
9564,102,109.0,11
9565,138,109.0,12
9566,126,109.0,13
9567,108,109.0,14
9568,54,109.0,15
9569,75,109.0,16
9570,155,109.0,17
9571,167,109.0,18
9572,161,109.0,19
9573,125,109.0,20
9574,129,109.0,21
9575,98,109.0,22
9576,60,109.0,23
9577,26,109.0,0
9578,12,109.0,1
9579,2,109.0,2
9580,4,109.0,3
9581,1,109.0,4
9582,18,109.0,5
9583,76,109.0,6
9584,267,109.0,7
9585,484,109.0,8
9586,238,109.0,9
9587,97,109.0,10
9588,99,109.0,11
9589,158,109.0,12
9590,154,109.0,13
9591,144,109.0,14
9592,134,109.0,15
9593,238,109.0,16
9594,399,109.0,17
9595,417,109.0,18
9596,295,109.0,19
9597,199,109.0,20
9598,177,109.0,21
9599,107,109.0,22
9600,84,109.0,23
9601,43,109.0,0
9602,13,109.0,1
9603,16,109.0,2
9604,5,109.0,3
9605,2,109.0,4
9606,17,109.0,5
9607,64,109.0,6
9608,230,109.0,7
9609,448,109.0,8
9610,275,109.0,9
9611,124,109.0,10
9612,153,109.0,11
9613,176,109.0,12
9614,192,109.0,13
9615,146,109.0,14
9616,191,109.0,15
9617,268,109.0,16
9618,396,109.0,17
9619,359,109.0,18
9620,262,109.0,19
9621,151,109.0,20
9622,122,109.0,21
9623,113,109.0,22
9624,65,109.0,23
9625,53,109.0,0
9626,45,109.0,1
9627,26,109.0,2
9628,9,109.0,3
9629,4,109.0,4
9630,2,109.0,5
9631,9,109.0,6
9632,19,109.0,7
9633,78,109.0,8
9634,90,109.0,9
9635,166,109.0,10
9636,183,109.0,11
9637,221,109.0,12
9638,235,109.0,13
9639,243,109.0,14
9640,124,109.0,15
9641,146,109.0,16
9642,144,109.0,17
9643,108,109.0,18
9644,87,109.0,19
9645,63,109.0,20
9646,48,109.0,21
9647,46,109.0,22
9648,20,109.0,23
9649,21,109.0,0
9650,24,109.0,1
9651,27,109.0,2
9652,14,109.0,3
9653,1,109.0,4
9654,3,109.0,5
9655,2,109.0,6
9656,18,109.0,7
9657,26,109.0,8
9658,63,109.0,9
9659,91,109.0,10
9660,124,109.0,11
9661,140,109.0,12
9662,138,109.0,13
9663,111,109.0,14
9664,155,109.0,15
9665,164,109.0,16
9666,87,109.0,17
9667,96,109.0,18
9668,80,109.0,19
9669,57,109.0,20
9670,36,109.0,21
9671,28,109.0,22
9672,23,109.0,23
9673,9,109.0,0
9674,6,109.0,1
9675,4,109.0,2
9676,1,109.0,3
9677,2,109.0,4
9678,17,109.0,5
9679,72,109.0,6
9680,195,109.0,7
9681,417,109.0,8
9682,205,109.0,9
9683,71,109.0,10
9684,90,109.0,11
9685,118,109.0,12
9686,140,109.0,13
9687,135,109.0,14
9688,155,109.0,15
9689,211,109.0,16
9690,407,109.0,17
9691,405,109.0,18
9692,263,109.0,19
9693,214,109.0,20
9694,147,109.0,21
9695,102,109.0,22
9696,36,109.0,23
9697,14,109.0,0
9698,6,109.0,1
9699,3,109.0,2
9700,3,109.0,3
9701,2,109.0,4
9702,22,109.0,5
9703,90,109.0,6
9704,280,109.0,7
9705,513,109.0,8
9706,262,109.0,9
9707,98,109.0,10
9708,112,109.0,11
9709,172,109.0,12
9710,173,109.0,13
9711,124,109.0,14
9712,145,109.0,15
9713,266,109.0,16
9714,523,109.0,17
9715,406,109.0,18
9716,281,109.0,19
9717,184,109.0,20
9718,109,109.0,21
9719,77,109.0,22
9720,57,109.0,23
9721,22,109.0,0
9722,5,109.0,1
9723,4,109.0,2
9724,3,109.0,3
9725,1,109.0,4
9726,25,109.0,5
9727,95,109.0,6
9728,321,109.0,7
9729,515,109.0,8
9730,231,109.0,9
9731,120,109.0,10
9732,138,109.0,11
9733,163,109.0,12
9734,170,109.0,13
9735,134,109.0,14
9736,171,109.0,15
9737,231,109.0,16
9738,487,109.0,17
9739,468,109.0,18
9740,311,109.0,19
9741,211,109.0,20
9742,178,109.0,21
9743,107,109.0,22
9744,58,109.0,23
9745,23,109.0,0
9746,5,109.0,1
9747,7,109.0,2
9748,1,109.0,3
9749,3,109.0,4
9750,20,109.0,5
9751,87,109.0,6
9752,288,109.0,7
9753,498,109.0,8
9754,202,109.0,9
9755,44,109.0,10
9756,71,109.0,11
9757,45,109.0,12
9758,64,109.0,13
9759,31,109.0,14
9760,53,109.0,15
9761,118,109.0,16
9762,289,109.0,17
9763,353,109.0,18
9764,258,109.0,19
9765,216,109.0,20
9766,145,109.0,21
9767,111,109.0,22
9768,73,109.0,23
9769,34,109.0,0
9770,18,109.0,1
9771,12,109.0,2
9772,1,109.0,3
9773,1,109.0,4
9774,16,109.0,5
9775,71,109.0,6
9776,226,109.0,7
9777,520,109.0,8
9778,283,109.0,9
9779,116,109.0,10
9780,142,109.0,11
9781,198,109.0,12
9782,205,109.0,13
9783,170,109.0,14
9784,221,109.0,15
9785,307,109.0,16
9786,465,109.0,17
9787,377,109.0,18
9788,282,109.0,19
9789,171,109.0,20
9790,129,109.0,21
9791,107,109.0,22
9792,82,109.0,23
9793,86,109.0,0
9794,45,109.0,1
9795,45,109.0,2
9796,18,109.0,3
9797,7,109.0,4
9798,1,109.0,5
9799,9,109.0,6
9800,41,109.0,7
9801,102,109.0,8
9802,138,109.0,9
9803,205,109.0,10
9804,286,109.0,11
9805,369,109.0,12
9806,384,109.0,13
9807,427,109.0,14
9808,499,109.0,15
9809,404,109.0,16
9810,364,109.0,17
9811,246,109.0,18
9812,188,109.0,19
9813,148,109.0,20
9814,114,109.0,21
9815,118,109.0,22
9816,74,109.0,23
9817,74,109.0,0
9818,72,109.0,1
9819,48,109.0,2
9820,15,109.0,3
9821,3,109.0,4
9822,2,109.0,5
9823,5,109.0,6
9824,14,109.0,7
9825,56,109.0,8
9826,93,109.0,9
9827,191,109.0,10
9828,226,109.0,11
9829,255,109.0,12
9830,261,109.0,13
9831,237,109.0,14
9832,253,109.0,15
9833,212,109.0,16
9834,157,109.0,17
9835,167,109.0,18
9836,119,109.0,19
9837,103,109.0,20
9838,36,109.0,21
9839,55,109.0,22
9840,35,109.0,23
9841,41,109.0,0
9842,15,109.0,1
9843,20,109.0,2
9844,8,109.0,3
9845,6,109.0,5
9846,10,109.0,6
9847,44,109.0,7
9848,120,109.0,8
9849,110,109.0,9
9850,143,109.0,10
9851,208,109.0,11
9852,281,109.0,12
9853,312,109.0,13
9854,263,109.0,14
9855,289,109.0,15
9856,280,109.0,16
9857,253,109.0,17
9858,242,109.0,18
9859,172,109.0,19
9860,126,109.0,20
9861,98,109.0,21
9862,62,109.0,22
9863,26,109.0,23
9864,12,109.0,0
9865,7,109.0,1
9866,3,109.0,2
9867,2,109.0,4
9868,15,109.0,5
9869,86,109.0,6
9870,279,109.0,7
9871,464,109.0,8
9872,217,109.0,9
9873,85,109.0,10
9874,86,109.0,11
9875,163,109.0,12
9876,131,109.0,13
9877,124,109.0,14
9878,160,109.0,15
9879,254,109.0,16
9880,432,109.0,17
9881,425,109.0,18
9882,304,109.0,19
9883,227,109.0,20
9884,154,109.0,21
9885,100,109.0,22
9886,47,109.0,23
9887,24,109.0,0
9888,7,109.0,1
9889,6,109.0,2
9890,4,109.0,3
9891,2,109.0,4
9892,30,109.0,5
9893,90,109.0,6
9894,302,109.0,7
9895,576,109.0,8
9896,252,109.0,9
9897,139,109.0,10
9898,171,109.0,11
9899,207,109.0,12
9900,190,109.0,13
9901,177,109.0,14
9902,195,109.0,15
9903,298,109.0,16
9904,529,109.0,17
9905,525,109.0,18
9906,327,109.0,19
9907,274,109.0,20
9908,239,109.0,21
9909,147,109.0,22
9910,62,109.0,23
9911,42,109.0,0
9912,15,109.0,1
9913,9,109.0,2
9914,6,109.0,3
9915,1,109.0,4
9916,32,109.0,5
9917,91,109.0,6
9918,326,109.0,7
9919,560,109.0,8
9920,242,109.0,9
9921,148,109.0,10
9922,182,109.0,11
9923,224,109.0,12
9924,218,109.0,13
9925,192,109.0,14
9926,217,109.0,15
9927,343,109.0,16
9928,610,109.0,17
9929,522,109.0,18
9930,369,109.0,19
9931,269,109.0,20
9932,222,109.0,21
9933,137,109.0,22
9934,85,109.0,23
9935,46,109.0,0
9936,18,109.0,1
9937,5,109.0,2
9938,5,109.0,3
9939,2,109.0,4
9940,26,109.0,5
9941,82,109.0,6
9942,272,109.0,7
9943,469,109.0,8
9944,244,109.0,9
9945,141,109.0,10
9946,163,109.0,11
9947,228,109.0,12
9948,183,109.0,13
9949,31,109.0,14
9950,94,109.0,15
9951,178,109.0,16
9952,256,109.0,17
9953,300,109.0,18
9954,233,109.0,19
9955,167,109.0,20
9956,152,109.0,21
9957,106,109.0,22
9958,86,109.0,23
9959,61,109.0,0
9960,46,109.0,1
9961,38,109.0,2
9962,7,109.0,3
9963,2,109.0,4
9964,3,109.0,5
9965,13,109.0,6
9966,23,109.0,7
9967,93,109.0,8
9968,122,109.0,9
9969,183,109.0,10
9970,210,109.0,11
9971,258,109.0,12
9972,226,109.0,13
9973,216,109.0,14
9974,232,109.0,15
9975,195,109.0,16
9976,159,109.0,17
9977,133,109.0,18
9978,149,109.0,19
9979,105,109.0,20
9980,85,109.0,21
9981,82,109.0,22
9982,91,109.0,23
9983,70,109.0,0
9984,55,109.0,1
9985,42,109.0,2
9986,21,109.0,3
9987,6,109.0,4
9988,5,109.0,5
9989,2,109.0,6
9990,22,109.0,7
9991,59,109.0,8
9992,87,109.0,9
9993,188,109.0,10
9994,227,109.0,11
9995,305,109.0,12
9996,325,109.0,13
9997,331,109.0,14
9998,353,109.0,15
9999,339,109.0,16
10000,287,109.0,17
10001,216,109.0,18
10002,143,109.0,19
10003,88,109.0,20
10004,83,109.0,21
10005,71,109.0,22
10006,64,109.0,23
10007,29,109.0,0
10008,6,109.0,1
10009,4,109.0,2
10010,2,109.0,3
10011,1,109.0,4
10012,16,109.0,5
10013,90,109.0,6
10014,280,109.0,7
10015,528,109.0,8
10016,230,109.0,9
10017,104,109.0,10
10018,103,109.0,11
10019,177,109.0,12
10020,182,109.0,13
10021,158,109.0,14
10022,174,109.0,15
10023,286,109.0,16
10024,529,109.0,17
10025,527,109.0,18
10026,334,109.0,19
10027,219,109.0,20
10028,195,109.0,21
10029,92,109.0,22
10030,56,109.0,23
10031,10,109.0,0
10032,6,109.0,1
10033,3,109.0,2
10034,6,109.0,3
10035,2,109.0,4
10036,21,109.0,5
10037,101,109.0,6
10038,325,109.0,7
10039,559,109.0,8
10040,232,109.0,9
10041,132,109.0,10
10042,163,109.0,11
10043,183,109.0,12
10044,190,109.0,13
10045,134,109.0,14
10046,166,109.0,15
10047,287,109.0,16
10048,530,109.0,17
10049,449,109.0,18
10050,306,109.0,19
10051,204,109.0,20
10052,188,109.0,21
10053,101,109.0,22
10054,65,109.0,23
10055,32,109.0,0
10056,6,109.0,1
10057,4,109.0,2
10058,2,109.0,3
10059,29,109.0,5
10060,104,109.0,6
10061,253,109.0,7
10062,116,109.0,8
10063,38,109.0,9
10064,10,109.0,10
10065,10,109.0,11
10066,70,109.0,12
10067,76,109.0,13
10068,56,109.0,14
10069,90,109.0,15
10070,167,109.0,16
10071,253,109.0,17
10072,192,109.0,18
10073,102,109.0,19
10074,97,109.0,20
10075,39,109.0,21
10076,55,109.0,22
10077,33,109.0,23
10078,11,109.0,0
10079,12,109.0,1
10080,6,109.0,2
10081,3,109.0,3
10082,5,109.0,4
10083,18,109.0,5
10084,109,109.0,6
10085,304,109.0,7
10086,594,109.0,8
10087,286,109.0,9
10088,133,109.0,10
10089,168,109.0,11
10090,220,109.0,12
10091,211,109.0,13
10092,211,109.0,14
10093,223,109.0,15
10094,361,109.0,16
10095,600,109.0,17
10096,525,109.0,18
10097,328,109.0,19
10098,254,109.0,20
10099,197,109.0,21
10100,126,109.0,22
10101,85,109.0,23
10102,46,109.0,0
10103,20,109.0,1
10104,6,109.0,2
10105,3,109.0,3
10106,2,109.0,4
10107,24,109.0,5
10108,92,109.0,6
10109,262,109.0,7
10110,549,109.0,8
10111,314,109.0,9
10112,132,109.0,10
10113,194,109.0,11
10114,234,109.0,12
10115,222,109.0,13
10116,205,109.0,14
10117,78,109.0,15
10118,50,109.0,16
10119,128,109.0,17
10120,160,109.0,18
10121,174,109.0,19
10122,100,109.0,20
10123,101,109.0,21
10124,75,109.0,22
10125,23,109.0,23
10126,22,109.0,0
10127,44,109.0,1
10128,38,109.0,2
10129,21,109.0,3
10130,2,109.0,4
10131,2,109.0,5
10132,7,109.0,6
10133,16,109.0,7
10134,48,109.0,8
10135,94,109.0,9
10136,168,109.0,10
10137,214,109.0,11
10138,299,109.0,12
10139,339,109.0,13
10140,430,109.0,14
10141,399,109.0,15
10142,467,109.0,16
10143,385,109.0,17
10144,303,109.0,18
10145,225,109.0,19
10146,149,109.0,20
10147,154,109.0,21
10148,134,109.0,22
10149,106,109.0,23
10150,72,109.0,0
10151,76,109.0,1
10152,80,109.0,2
10153,26,109.0,3
10154,14,109.0,4
10155,5,109.0,5
10156,5,109.0,6
10157,23,109.0,7
10158,66,109.0,8
10159,118,109.0,9
10160,192,109.0,10
10161,256,109.0,11
10162,327,109.0,12
10163,364,109.0,13
10164,332,109.0,14
10165,334,109.0,15
10166,299,109.0,16
10167,263,109.0,17
10168,184,109.0,18
10169,132,109.0,19
10170,88,109.0,20
10171,79,109.0,21
10172,62,109.0,22
10173,26,109.0,23
10174,17,109.0,0
10175,6,109.0,1
10176,4,109.0,2
10177,1,109.0,3
10178,1,109.0,4
10179,18,109.0,5
10180,91,109.0,6
10181,260,109.0,7
10182,428,109.0,8
10183,197,109.0,9
10184,86,109.0,10
10185,103,109.0,11
10186,137,109.0,12
10187,120,109.0,13
10188,128,109.0,14
10189,130,109.0,15
10190,210,109.0,16
10191,387,109.0,17
10192,375,109.0,18
10193,226,109.0,19
10194,179,109.0,20
10195,120,109.0,21
10196,78,109.0,22
10197,31,109.0,23
10198,8,109.0,0
10199,6,109.0,1
10200,4,109.0,2
10201,1,109.0,3
10202,3,109.0,4
10203,25,109.0,5
10204,102,109.0,6
10205,275,109.0,7
10206,501,109.0,8
10207,233,109.0,9
10208,129,109.0,10
10209,130,109.0,11
10210,138,109.0,12
10211,164,109.0,13
10212,136,109.0,14
10213,166,109.0,15
10214,250,109.0,16
10215,446,109.0,17
10216,457,109.0,18
10217,287,109.0,19
10218,187,109.0,20
10219,148,109.0,21
10220,106,109.0,22
10221,54,109.0,23
10222,15,109.0,0
10223,5,109.0,1
10224,4,109.0,2
10225,3,109.0,3
10226,3,109.0,4
10227,18,109.0,5
10228,108,109.0,6
10229,344,109.0,7
10230,566,109.0,8
10231,264,109.0,9
10232,147,109.0,10
10233,161,109.0,11
10234,215,109.0,12
10235,205,109.0,13
10236,175,109.0,14
10237,209,109.0,15
10238,288,109.0,16
10239,612,109.0,17
10240,544,109.0,18
10241,361,109.0,19
10242,260,109.0,20
10243,188,109.0,21
10244,159,109.0,22
10245,62,109.0,23
10246,46,109.0,0
10247,21,109.0,1
10248,11,109.0,2
10249,3,109.0,3
10250,2,109.0,4
10251,29,109.0,5
10252,109,109.0,6
10253,334,109.0,7
10254,585,109.0,8
10255,301,109.0,9
10256,138,109.0,10
10257,204,109.0,11
10258,251,109.0,12
10259,233,109.0,13
10260,203,109.0,14
10261,185,109.0,15
10262,342,109.0,16
10263,597,109.0,17
10264,590,109.0,18
10265,416,109.0,19
10266,302,109.0,20
10267,233,109.0,21
10268,153,109.0,22
10269,94,109.0,23
10270,54,109.0,0
10271,26,109.0,1
10272,11,109.0,2
10273,7,109.0,3
10274,1,109.0,4
10275,29,109.0,5
10276,85,109.0,6
10277,268,109.0,7
10278,501,109.0,8
10279,284,109.0,9
10280,159,109.0,10
10281,187,109.0,11
10282,201,109.0,12
10283,224,109.0,13
10284,178,109.0,14
10285,238,109.0,15
10286,343,109.0,16
10287,566,109.0,17
10288,470,109.0,18
10289,244,109.0,19
10290,159,109.0,20
10291,141,109.0,21
10292,107,109.0,22
10293,86,109.0,23
10294,77,109.0,0
10295,51,109.0,1
10296,42,109.0,2
10297,16,109.0,3
10298,4,109.0,4
10299,10,109.0,5
10300,12,109.0,6
10301,40,109.0,7
10302,111,109.0,8
10303,148,109.0,9
10304,223,109.0,10
10305,274,109.0,11
10306,329,109.0,12
10307,357,109.0,13
10308,379,109.0,14
10309,406,109.0,15
10310,390,109.0,16
10311,354,109.0,17
10312,297,109.0,18
10313,184,109.0,19
10314,121,109.0,20
10315,110,109.0,21
10316,100,109.0,22
10317,83,109.0,23
10318,69,109.0,0
10319,61,109.0,1
10320,66,109.0,3
10321,22,109.0,4
10322,7,109.0,5
10323,10,109.0,6
10324,17,109.0,7
10325,72,109.0,8
10326,90,109.0,9
10327,218,109.0,10
10328,299,109.0,11
10329,410,109.0,12
10330,464,109.0,13
10331,501,109.0,14
10332,487,109.0,15
10333,509,109.0,16
10334,498,109.0,17
10335,389,109.0,18
10336,258,109.0,19
10337,171,109.0,20
10338,147,109.0,21
10339,94,109.0,22
10340,52,109.0,23
10341,24,109.0,0
10342,10,109.0,1
10343,9,109.0,2
10344,2,109.0,3
10345,3,109.0,4
10346,16,109.0,5
10347,88,109.0,6
10348,268,109.0,7
10349,564,109.0,8
10350,281,109.0,9
10351,137,109.0,10
10352,150,109.0,11
10353,221,109.0,12
10354,250,109.0,13
10355,221,109.0,14
10356,233,109.0,15
10357,332,109.0,16
10358,644,109.0,17
10359,712,109.0,18
10360,446,109.0,19
10361,286,109.0,20
10362,205,109.0,21
10363,133,109.0,22
10364,63,109.0,23
10365,26,109.0,0
10366,16,109.0,1
10367,1,109.0,2
10368,2,109.0,3
10369,1,109.0,4
10370,24,109.0,5
10371,113,109.0,6
10372,308,109.0,7
10373,593,109.0,8
10374,342,109.0,9
10375,143,109.0,10
10376,219,109.0,11
10377,244,109.0,12
10378,233,109.0,13
10379,212,109.0,14
10380,264,109.0,15
10381,365,109.0,16
10382,676,109.0,17
10383,734,109.0,18
10384,479,109.0,19
10385,351,109.0,20
10386,244,109.0,21
10387,170,109.0,22
10388,87,109.0,23
10389,39,109.0,0
10390,27,109.0,1
10391,2,109.0,2
10392,4,109.0,3
10393,5,109.0,4
10394,27,109.0,5
10395,121,109.0,6
10396,368,109.0,7
10397,662,109.0,8
10398,351,109.0,9
10399,188,109.0,10
10400,220,109.0,11
10401,267,109.0,12
10402,254,109.0,13
10403,224,109.0,14
10404,283,109.0,15
10405,356,109.0,16
10406,782,109.0,17
10407,749,109.0,18
10408,472,109.0,19
10409,330,109.0,20
10410,288,109.0,21
10411,202,109.0,22
10412,91,109.0,23
10413,60,109.0,0
10414,23,109.0,1
10415,19,109.0,2
10416,7,109.0,3
10417,14,109.0,4
10418,26,109.0,5
10419,117,109.0,6
10420,381,109.0,7
10421,623,109.0,8
10422,315,109.0,9
10423,164,109.0,10
10424,211,109.0,11
10425,265,109.0,12
10426,273,109.0,13
10427,258,109.0,14
10428,287,109.0,15
10429,426,109.0,16
10430,713,109.0,17
10431,746,109.0,18
10432,425,109.0,19
10433,330,109.0,20
10434,243,109.0,21
10435,169,109.0,22
10436,97,109.0,23
10437,57,109.0,0
10438,26,109.0,1
10439,4,109.0,2
10440,3,109.0,3
10441,3,109.0,4
10442,32,109.0,5
10443,99,109.0,6
10444,278,109.0,7
10445,562,109.0,8
10446,312,109.0,9
10447,180,109.0,10
10448,207,109.0,11
10449,294,109.0,12
10450,260,109.0,13
10451,202,109.0,14
10452,107,109.0,15
10453,129,109.0,16
10454,258,109.0,17
10455,408,109.0,18
10456,296,109.0,19
10457,235,109.0,20
10458,152,109.0,21
10459,148,109.0,22
10460,126,109.0,23
10461,100,109.0,0
10462,69,109.0,1
10463,42,109.0,2
10464,26,109.0,3
10465,2,109.0,4
10466,8,109.0,5
10467,30,109.0,6
10468,86,109.0,7
10469,218,109.0,8
10470,321,109.0,9
10471,443,109.0,10
10472,585,109.0,11
10473,651,109.0,12
10474,686,109.0,13
10475,690,109.0,14
10476,679,109.0,15
10477,685,109.0,16
10478,648,109.0,17
10479,560,109.0,18
10480,417,109.0,19
10481,271,109.0,20
10482,223,109.0,21
10483,211,109.0,22
10484,185,109.0,23
10485,107,109.0,0
10486,113,109.0,1
10487,56,109.0,2
10488,18,109.0,3
10489,14,109.0,4
10490,6,109.0,5
10491,11,109.0,6
10492,42,109.0,7
10493,96,109.0,8
10494,178,109.0,9
10495,351,109.0,10
10496,368,109.0,11
10497,503,109.0,12
10498,544,109.0,13
10499,521,109.0,14
10500,554,109.0,15
10501,541,109.0,16
10502,541,109.0,17
10503,459,109.0,18
10504,352,109.0,19
10505,198,109.0,20
10506,173,109.0,21
10507,100,109.0,22
10508,46,109.0,23
10509,23,109.0,0
10510,15,109.0,1
10511,8,109.0,2
10512,2,109.0,3
10513,3,109.0,4
10514,31,109.0,5
10515,120,109.0,6
10516,354,109.0,7
10517,579,109.0,8
10518,331,109.0,9
10519,184,109.0,10
10520,201,109.0,11
10521,282,109.0,12
10522,263,109.0,13
10523,260,109.0,14
10524,286,109.0,15
10525,385,109.0,16
10526,721,109.0,17
10527,801,109.0,18
10528,549,109.0,19
10529,330,109.0,20
10530,223,109.0,21
10531,148,109.0,22
10532,54,109.0,23
10533,29,109.0,0
10534,15,109.0,1
10535,10,109.0,2
10536,3,109.0,3
10537,6,109.0,4
10538,20,109.0,5
10539,100,109.0,6
10540,170,109.0,7
10541,516,109.0,8
10542,325,109.0,9
10543,163,109.0,10
10544,230,109.0,11
10545,261,109.0,12
10546,284,109.0,13
10547,248,109.0,14
10548,244,109.0,15
10549,431,109.0,16
10550,750,109.0,17
10551,801,109.0,18
10552,555,109.0,19
10553,377,109.0,20
10554,277,109.0,21
10555,188,109.0,22
10556,90,109.0,23
10557,33,109.0,0
10558,26,109.0,1
10559,10,109.0,2
10560,8,109.0,3
10561,4,109.0,4
10562,39,109.0,5
10563,149,109.0,6
10564,372,109.0,7
10565,535,109.0,8
10566,293,109.0,9
10567,154,109.0,10
10568,192,109.0,11
10569,229,109.0,12
10570,303,109.0,13
10571,225,109.0,14
10572,243,109.0,15
10573,378,109.0,16
10574,729,109.0,17
10575,779,109.0,18
10576,582,109.0,19
10577,374,109.0,20
10578,251,109.0,21
10579,197,109.0,22
10580,125,109.0,23
10581,41,109.0,0
10582,30,109.0,1
10583,6,109.0,2
10584,7,109.0,3
10585,6,109.0,4
10586,34,109.0,5
10587,136,109.0,6
10588,361,109.0,7
10589,649,109.0,8
10590,318,109.0,9
10591,142,109.0,10
10592,219,109.0,11
10593,272,109.0,12
10594,298,109.0,13
10595,257,109.0,14
10596,304,109.0,15
10597,425,109.0,16
10598,810,109.0,17
10599,801,109.0,18
10600,586,109.0,19
10601,424,109.0,20
10602,374,109.0,21
10603,220,109.0,22
10604,151,109.0,23
10605,95,109.0,0
10606,50,109.0,1
10607,32,109.0,2
10608,10,109.0,3
10609,3,109.0,4
10610,34,109.0,5
10611,116,109.0,6
10612,346,109.0,7
10613,662,109.0,8
10614,380,109.0,9
10615,275,109.0,10
10616,318,109.0,11
10617,471,109.0,12
10618,428,109.0,13
10619,432,109.0,14
10620,472,109.0,15
10621,589,109.0,16
10622,957,109.0,17
10623,830,109.0,18
10624,686,109.0,19
10625,445,109.0,20
10626,284,109.0,21
10627,271,109.0,22
10628,176,109.0,23
10629,156,109.0,0
10630,128,109.0,1
10631,69,109.0,2
10632,32,109.0,3
10633,7,109.0,4
10634,4,109.0,5
10635,28,109.0,6
10636,70,109.0,7
10637,154,109.0,8
10638,249,109.0,9
10639,345,109.0,10
10640,273,109.0,11
10641,183,109.0,12
10642,196,109.0,13
10643,223,109.0,14
10644,290,109.0,15
10645,177,109.0,16
10646,115,109.0,17
10647,137,109.0,18
10648,133,109.0,19
10649,111,109.0,20
10650,104,109.0,21
10651,83,109.0,22
10652,105,109.0,23
10653,80,109.0,0
10654,89,109.0,1
10655,35,109.0,2
10656,18,109.0,3
10657,8,109.0,4
10658,6,109.0,5
10659,18,109.0,6
10660,39,109.0,7
10661,89,109.0,8
10662,118,109.0,9
10663,250,109.0,10
10664,323,109.0,11
10665,360,109.0,12
10666,367,109.0,13
10667,414,109.0,14
10668,421,109.0,15
10669,492,109.0,16
10670,419,109.0,17
10671,491,109.0,18
10672,375,109.0,19
10673,259,109.0,20
10674,149,109.0,21
10675,111,109.0,22
10676,65,109.0,23
10677,33,109.0,0
10678,28,109.0,1
10679,20,109.0,2
10680,1,109.0,3
10681,4,109.0,4
10682,36,109.0,5
10683,117,109.0,6
10684,370,109.0,7
10685,657,109.0,8
10686,282,109.0,9
10687,153,109.0,10
10688,178,109.0,11
10689,279,109.0,12
10690,301,109.0,13
10691,217,109.0,14
10692,223,109.0,15
10693,305,109.0,16
10694,664,109.0,17
10695,684,109.0,18
10696,458,109.0,19
10697,221,109.0,20
10698,186,109.0,21
10699,93,109.0,22
10700,48,109.0,23
10701,10,109.0,0
10702,5,109.0,1
10703,7,109.0,2
10704,4,109.0,3
10705,3,109.0,4
10706,17,109.0,5
10707,101,109.0,6
10708,286,109.0,7
10709,581,109.0,8
10710,267,109.0,9
10711,138,109.0,10
10712,175,109.0,11
10713,220,109.0,12
10714,211,109.0,13
10715,184,109.0,14
10716,200,109.0,15
10717,305,109.0,16
10718,614,109.0,17
10719,644,109.0,18
10720,417,109.0,19
10721,294,109.0,20
10722,221,109.0,21
10723,134,109.0,22
10724,64,109.0,23
10725,30,109.0,0
10726,8,109.0,1
10727,3,109.0,2
10728,5,109.0,3
10729,1,109.0,4
10730,40,109.0,5
10731,115,109.0,6
10732,358,109.0,7
10733,658,109.0,8
10734,314,109.0,9
10735,173,109.0,10
10736,222,109.0,11
10737,268,109.0,12
10738,273,109.0,13
10739,221,109.0,14
10740,199,109.0,15
10741,221,109.0,16
10742,604,109.0,17
10743,641,109.0,18
10744,456,109.0,19
10745,362,109.0,20
10746,261,109.0,21
10747,172,109.0,22
10748,93,109.0,23
10749,48,109.0,0
10750,33,109.0,1
10751,6,109.0,2
10752,5,109.0,3
10753,9,109.0,4
10754,32,109.0,5
10755,117,109.0,6
10756,367,109.0,7
10757,654,109.0,8
10758,321,109.0,9
10759,166,109.0,10
10760,220,109.0,11
10761,292,109.0,12
10762,273,109.0,13
10763,238,109.0,14
10764,307,109.0,15
10765,388,109.0,16
10766,703,109.0,17
10767,681,109.0,18
10768,468,109.0,19
10769,335,109.0,20
10770,224,109.0,21
10771,152,109.0,22
10772,94,109.0,23
10773,59,109.0,0
10774,27,109.0,1
10775,7,109.0,2
10776,7,109.0,3
10777,2,109.0,4
10778,26,109.0,5
10779,86,109.0,6
10780,289,109.0,7
10781,593,109.0,8
10782,321,109.0,9
10783,187,109.0,10
10784,201,109.0,11
10785,270,109.0,12
10786,242,109.0,13
10787,229,109.0,14
10788,280,109.0,15
10789,367,109.0,16
10790,606,109.0,17
10791,560,109.0,18
10792,395,109.0,19
10793,209,109.0,20
10794,220,109.0,21
10795,153,109.0,22
10796,123,109.0,23
10797,92,109.0,0
10798,82,109.0,1
10799,69,109.0,2
10800,31,109.0,3
10801,8,109.0,4
10802,5,109.0,5
10803,23,109.0,6
10804,44,109.0,7
10805,145,109.0,8
10806,223,109.0,9
10807,313,109.0,10
10808,463,109.0,11
10809,621,109.0,12
10810,638,109.0,13
10811,551,109.0,14
10812,605,109.0,15
10813,535,109.0,16
10814,543,109.0,17
10815,341,109.0,18
10816,284,109.0,19
10817,208,109.0,20
10818,143,109.0,21
10819,156,109.0,22
10820,112,109.0,23
10821,67,109.0,0
10822,62,109.0,1
10823,81,109.0,2
10824,25,109.0,3
10825,12,109.0,4
10826,18,109.0,5
10827,97,109.0,6
10828,84,109.0,7
10829,125,109.0,8
10830,275,109.0,9
10831,360,109.0,10
10832,451,109.0,11
10833,445,109.0,12
10834,464,109.0,13
10835,561,109.0,14
10836,573,109.0,15
10837,511,109.0,16
10838,555,109.0,17
10839,432,109.0,18
10840,346,109.0,19
10841,232,109.0,20
10842,134,109.0,21
10843,68,109.0,22
10844,63,109.0,23
10845,17,109.0,0
10846,5,109.0,1
10847,5,109.0,2
10848,4,109.0,4
10849,24,109.0,5
10850,110,109.0,6
10851,306,109.0,7
10852,589,109.0,8
10853,317,109.0,9
10854,204,109.0,10
10855,209,109.0,11
10856,281,109.0,12
10857,281,109.0,13
10858,268,109.0,14
10859,324,109.0,15
10860,395,109.0,16
10861,729,109.0,17
10862,618,109.0,18
10863,494,109.0,19
10864,329,109.0,20
10865,238,109.0,21
10866,123,109.0,22
10867,66,109.0,23
10868,33,109.0,0
10869,11,109.0,1
10870,5,109.0,2
10871,3,109.0,3
10872,1,109.0,4
10873,27,109.0,5
10874,100,109.0,6
10875,341,109.0,7
10876,604,109.0,8
10877,408,109.0,9
10878,219,109.0,10
10879,258,109.0,11
10880,331,109.0,12
10881,345,109.0,13
10882,311,109.0,14
10883,316,109.0,15
10884,485,109.0,16
10885,757,109.0,17
10886,800,109.0,18
10887,558,109.0,19
10888,379,109.0,20
10889,243,109.0,21
10890,158,109.0,22
10891,79,109.0,23
10892,41,109.0,0
10893,11,109.0,1
10894,5,109.0,2
10895,3,109.0,3
10896,1,109.0,4
10897,27,109.0,5
10898,126,109.0,6
10899,366,109.0,7
10900,684,109.0,8
10901,363,109.0,9
10902,167,109.0,10
10903,213,109.0,11
10904,283,109.0,12
10905,251,109.0,13
10906,258,109.0,14
10907,268,109.0,15
10908,390,109.0,16
10909,744,109.0,17
10910,759,109.0,18
10911,494,109.0,19
10912,372,109.0,20
10913,298,109.0,21
10914,181,109.0,22
10915,131,109.0,23
10916,45,109.0,0
10917,13,109.0,1
10918,18,109.0,2
10919,5,109.0,3
10920,1,109.0,4
10921,29,109.0,5
10922,126,109.0,6
10923,354,109.0,7
10924,638,109.0,8
10925,351,109.0,9
10926,246,109.0,10
10927,268,109.0,11
10928,276,109.0,12
10929,291,109.0,13
10930,287,109.0,14
10931,269,109.0,15
10932,402,109.0,16
10933,822,109.0,17
10934,698,109.0,18
10935,487,109.0,19
10936,312,109.0,20
10937,234,109.0,21
10938,149,109.0,22
10939,136,109.0,23
10940,61,109.0,0
10941,38,109.0,1
10942,11,109.0,2
10943,8,109.0,3
10944,5,109.0,4
10945,23,109.0,5
10946,80,109.0,6
10947,246,109.0,7
10948,508,109.0,8
10949,376,109.0,9
10950,238,109.0,10
10951,291,109.0,11
10952,337,109.0,12
10953,411,109.0,13
10954,490,109.0,14
10955,537,109.0,15
10956,536,109.0,16
10957,655,109.0,17
10958,484,109.0,18
10959,412,109.0,19
10960,252,109.0,20
10961,190,109.0,21
10962,158,109.0,22
10963,113,109.0,23
10964,94,109.0,0
10965,69,109.0,1
10966,36,109.0,2
10967,28,109.0,3
10968,7,109.0,4
10969,2,109.0,5
10970,19,109.0,6
10971,54,109.0,7
10972,123,109.0,8
10973,276,109.0,9
10974,363,109.0,10
10975,495,109.0,11
10976,590,109.0,12
10977,643,109.0,13
10978,578,109.0,14
10979,626,109.0,15
10980,615,109.0,16
10981,567,109.0,17
10982,517,109.0,18
10983,413,109.0,19
10984,208,109.0,20
10985,234,109.0,21
10986,182,109.0,22
10987,118,109.0,23
10988,85,109.0,0
10989,64,109.0,1
10990,32,109.0,2
10991,26,109.0,3
10992,7,109.0,4
10993,12,109.0,5
10994,28,109.0,6
10995,37,109.0,7
10996,84,109.0,8
10997,179,109.0,9
10998,299,109.0,10
10999,404,109.0,11
11000,457,109.0,12
11001,483,109.0,13
11002,503,109.0,14
11003,486,109.0,15
11004,476,109.0,16
11005,411,109.0,17
11006,310,109.0,18
11007,276,109.0,19
11008,211,109.0,20
11009,130,109.0,21
11010,118,109.0,22
11011,51,109.0,23
11012,37,109.0,0
11013,16,109.0,1
11014,6,109.0,2
11015,3,109.0,3
11016,5,109.0,4
11017,32,109.0,5
11018,111,109.0,6
11019,331,109.0,7
11020,617,109.0,8
11021,286,109.0,9
11022,178,109.0,10
11023,223,109.0,11
11024,280,109.0,12
11025,281,109.0,13
11026,218,109.0,14
11027,255,109.0,15
11028,391,109.0,16
11029,632,109.0,17
11030,646,109.0,18
11031,421,109.0,19
11032,276,109.0,20
11033,165,109.0,21
11034,108,109.0,22
11035,67,109.0,23
11036,26,109.0,0
11037,9,109.0,1
11038,2,109.0,2
11039,2,109.0,3
11040,2,109.0,4
11041,24,109.0,5
11042,103,109.0,6
11043,384,109.0,7
11044,692,109.0,8
11045,319,109.0,9
11046,181,109.0,10
11047,239,109.0,11
11048,259,109.0,12
11049,283,109.0,13
11050,224,109.0,14
11051,203,109.0,15
11052,362,109.0,16
11053,744,109.0,17
11054,704,109.0,18
11055,479,109.0,19
11056,282,109.0,20
11057,206,109.0,21
11058,127,109.0,22
11059,62,109.0,23
11060,30,109.0,0
11061,12,109.0,1
11062,2,109.0,2
11063,2,109.0,3
11064,27,109.0,5
11065,106,109.0,6
11066,321,109.0,7
11067,595,109.0,8
11068,302,109.0,9
11069,153,109.0,10
11070,180,109.0,11
11071,182,109.0,12
11072,163,109.0,13
11073,135,109.0,14
11074,202,109.0,15
11075,307,109.0,16
11076,579,109.0,17
11077,585,109.0,18
11078,384,109.0,19
11079,235,109.0,20
11080,165,109.0,21
11081,134,109.0,22
11082,61,109.0,23
11083,23,109.0,0
11084,9,109.0,1
11085,4,109.0,2
11086,5,109.0,3
11087,1,109.0,4
11088,21,109.0,5
11089,96,109.0,6
11090,306,109.0,7
11091,624,109.0,8
11092,287,109.0,9
11093,141,109.0,10
11094,224,109.0,11
11095,259,109.0,12
11096,203,109.0,13
11097,224,109.0,14
11098,211,109.0,15
11099,353,109.0,16
11100,656,109.0,17
11101,610,109.0,18
11102,433,109.0,19
11103,280,109.0,20
11104,187,109.0,21
11105,158,109.0,22
11106,94,109.0,23
11107,55,109.0,0
11108,30,109.0,1
11109,11,109.0,2
11110,11,109.0,3
11111,5,109.0,4
11112,21,109.0,5
11113,84,109.0,6
11114,296,109.0,7
11115,563,109.0,8
11116,330,109.0,9
11117,192,109.0,10
11118,233,109.0,11
11119,322,109.0,12
11120,358,109.0,13
11121,348,109.0,14
11122,352,109.0,15
11123,463,109.0,16
11124,738,109.0,17
11125,671,109.0,18
11126,427,109.0,19
11127,286,109.0,20
11128,189,109.0,21
11129,215,109.0,22
11130,198,109.0,23
11131,96,109.0,0
11132,70,109.0,1
11133,56,109.0,2
11134,32,109.0,3
11135,14,109.0,4
11136,7,109.0,5
11137,21,109.0,6
11138,64,109.0,7
11139,160,109.0,8
11140,265,109.0,9
11141,406,109.0,10
11142,564,109.0,11
11143,678,109.0,12
11144,678,109.0,13
11145,660,109.0,14
11146,658,109.0,15
11147,582,109.0,16
11148,560,109.0,17
11149,481,109.0,18
11150,459,109.0,19
11151,321,109.0,20
11152,220,109.0,21
11153,212,109.0,22
11154,196,109.0,23
11155,124,109.0,0
11156,106,109.0,1
11157,74,109.0,2
11158,45,109.0,3
11159,12,109.0,4
11160,10,109.0,5
11161,16,109.0,6
11162,46,109.0,7
11163,97,109.0,8
11164,251,109.0,9
11165,421,109.0,10
11166,528,109.0,11
11167,635,109.0,12
11168,681,109.0,13
11169,628,109.0,14
11170,617,109.0,15
11171,616,109.0,16
11172,623,109.0,17
11173,479,109.0,18
11174,379,109.0,19
11175,291,109.0,20
11176,229,109.0,21
11177,134,109.0,22
11178,90,109.0,23
11179,41,109.0,0
11180,28,109.0,1
11181,14,109.0,2
11182,8,109.0,3
11183,6,109.0,4
11184,38,109.0,5
11185,133,109.0,6
11186,387,109.0,7
11187,597,109.0,8
11188,297,109.0,9
11189,224,109.0,10
11190,251,109.0,11
11191,271,109.0,12
11192,263,109.0,13
11193,288,109.0,14
11194,275,109.0,15
11195,358,109.0,16
11196,712,109.0,17
11197,676,109.0,18
11198,522,109.0,19
11199,375,109.0,20
11200,271,109.0,21
11201,214,109.0,22
11202,121,109.0,23
11203,43,109.0,0
11204,11,109.0,1
11205,4,109.0,2
11206,6,109.0,3
11207,9,109.0,4
11208,30,109.0,5
11209,144,109.0,6
11210,461,109.0,7
11211,673,109.0,8
11212,400,109.0,9
11213,217,109.0,10
11214,239,109.0,11
11215,244,109.0,12
11216,239,109.0,13
11217,257,109.0,14
11218,308,109.0,15
11219,370,109.0,16
11220,781,109.0,17
11221,775,109.0,18
11222,537,109.0,19
11223,402,109.0,20
11224,297,109.0,21
11225,162,109.0,22
11226,82,109.0,23
11227,38,109.0,0
11228,14,109.0,1
11229,9,109.0,2
11230,6,109.0,3
11231,7,109.0,4
11232,34,109.0,5
11233,134,109.0,6
11234,418,109.0,7
11235,576,109.0,8
11236,265,109.0,9
11237,147,109.0,10
11238,119,109.0,11
11239,110,109.0,12
11240,64,109.0,13
11241,51,109.0,14
11242,98,109.0,15
11243,235,109.0,16
11244,488,109.0,17
11245,505,109.0,18
11246,368,109.0,19
11247,260,109.0,20
11248,189,109.0,21
11249,162,109.0,22
11250,70,109.0,23
11251,25,109.0,0
11252,13,109.0,1
11253,6,109.0,2
11254,4,109.0,3
11255,4,109.0,4
11256,30,109.0,5
11257,120,109.0,6
11258,406,109.0,7
11259,677,109.0,8
11260,301,109.0,9
11261,189,109.0,10
11262,229,109.0,11
11263,264,109.0,12
11264,238,109.0,13
11265,237,109.0,14
11266,262,109.0,15
11267,387,109.0,16
11268,748,109.0,17
11269,776,109.0,18
11270,586,109.0,19
11271,404,109.0,20
11272,267,109.0,21
11273,248,109.0,22
11274,144,109.0,23
11275,64,109.0,0
11276,25,109.0,1
11277,21,109.0,2
11278,10,109.0,3
11279,3,109.0,4
11280,25,109.0,5
11281,113,109.0,6
11282,359,109.0,7
11283,700,109.0,8
11284,359,109.0,9
11285,237,109.0,10
11286,254,109.0,11
11287,362,109.0,12
11288,381,109.0,13
11289,394,109.0,14
11290,407,109.0,15
11291,580,109.0,16
11292,819,109.0,17
11293,668,109.0,18
11294,492,109.0,19
11295,341,109.0,20
11296,287,109.0,21
11297,202,109.0,22
11298,187,109.0,23
11299,142,109.0,0
11300,88,109.0,1
11301,81,109.0,2
11302,29,109.0,3
11303,9,109.0,4
11304,1,109.0,5
11305,31,109.0,6
11306,76,109.0,7
11307,201,109.0,8
11308,331,109.0,9
11309,482,109.0,10
11310,608,109.0,11
11311,640,109.0,12
11312,649,109.0,13
11313,609,109.0,14
11314,628,109.0,15
11315,639,109.0,16
11316,568,109.0,17
11317,416,109.0,18
11318,54,109.0,19
11319,39,109.0,20
11320,102,109.0,21
11321,110,109.0,22
11322,91,109.0,23
11323,117,109.0,0
11324,73,109.0,1
11325,56,109.0,2
11326,40,109.0,3
11327,7,109.0,4
11328,6,109.0,5
11329,12,109.0,6
11330,24,109.0,7
11331,51,109.0,8
11332,79,109.0,9
11333,68,109.0,10
11334,77,109.0,11
11335,61,109.0,12
11336,52,109.0,13
11337,53,109.0,14
11338,38,109.0,15
11339,36,109.0,16
11340,27,109.0,17
11341,39,109.0,18
11342,35,109.0,19
11343,35,109.0,20
11344,11,109.0,21
11345,13,109.0,22
11346,17,109.0,23
11347,6,109.0,0
11348,2,109.0,1
11349,4,109.0,2
11350,1,109.0,3
11351,3,109.0,4
11352,14,109.0,5
11353,45,109.0,6
11354,207,109.0,7
11355,482,109.0,8
11356,272,109.0,9
11357,100,109.0,10
11358,101,109.0,11
11359,129,109.0,12
11360,107,109.0,13
11361,114,109.0,14
11362,112,109.0,15
11363,103,109.0,16
11364,232,109.0,17
11365,379,109.0,18
11366,298,109.0,19
11367,203,109.0,20
11368,152,109.0,21
11369,89,109.0,22
11370,59,109.0,23
11371,13,109.0,0
11372,7,109.0,1
11373,3,109.0,2
11374,2,109.0,3
11375,3,109.0,4
11376,22,109.0,5
11377,120,109.0,6
11378,390,109.0,7
11379,611,109.0,8
11380,308,109.0,9
11381,162,109.0,10
11382,184,109.0,11
11383,224,109.0,12
11384,224,109.0,13
11385,216,109.0,14
11386,236,109.0,15
11387,362,109.0,16
11388,691,109.0,17
11389,632,109.0,18
11390,482,109.0,19
11391,285,109.0,20
11392,226,109.0,21
11393,157,109.0,22
11394,73,109.0,23
11395,36,109.0,0
11396,25,109.0,1
11397,7,109.0,2
11398,3,109.0,3
11399,6,109.0,4
11400,24,109.0,5
11401,106,109.0,6
11402,389,109.0,7
11403,654,109.0,8
11404,321,109.0,9
11405,182,109.0,10
11406,219,109.0,11
11407,269,109.0,12
11408,228,109.0,13
11409,223,109.0,14
11410,229,109.0,15
11411,376,109.0,16
11412,732,109.0,17
11413,709,109.0,18
11414,543,109.0,19
11415,380,109.0,20
11416,239,109.0,21
11417,192,109.0,22
11418,104,109.0,23
11419,43,109.0,0
11420,23,109.0,1
11421,13,109.0,2
11422,6,109.0,3
11423,3,109.0,4
11424,17,109.0,5
11425,127,109.0,6
11426,225,109.0,7
11427,362,109.0,8
11428,201,109.0,9
11429,139,109.0,10
11430,151,109.0,11
11431,204,109.0,12
11432,197,109.0,13
11433,169,109.0,14
11434,204,109.0,15
11435,318,109.0,16
11436,614,109.0,17
11437,664,109.0,18
11438,464,109.0,19
11439,337,109.0,20
11440,250,109.0,21
11441,183,109.0,22
11442,112,109.0,23
11443,73,109.0,0
11444,35,109.0,1
11445,22,109.0,2
11446,3,109.0,3
11447,6,109.0,4
11448,19,109.0,5
11449,120,109.0,6
11450,315,109.0,7
11451,592,109.0,8
11452,334,109.0,9
11453,236,109.0,10
11454,233,109.0,11
11455,307,109.0,12
11456,306,109.0,13
11457,300,109.0,14
11458,324,109.0,15
11459,440,109.0,16
11460,702,109.0,17
11461,654,109.0,18
11462,441,109.0,19
11463,289,109.0,20
11464,208,109.0,21
11465,158,109.0,22
11466,116,109.0,23
11467,103,109.0,0
11468,67,109.0,1
11469,57,109.0,2
11470,26,109.0,3
11471,2,109.0,4
11472,5,109.0,5
11473,28,109.0,6
11474,55,109.0,7
11475,158,109.0,8
11476,214,109.0,9
11477,291,109.0,10
11478,358,109.0,11
11479,381,109.0,12
11480,389,109.0,13
11481,440,109.0,14
11482,408,109.0,15
11483,376,109.0,16
11484,322,109.0,17
11485,90,109.0,18
11486,139,109.0,19
11487,102,109.0,20
11488,84,109.0,21
11489,83,109.0,22
11490,42,109.0,23
11491,36,109.0,0
11492,42,109.0,1
11493,40,109.0,2
11494,16,109.0,3
11495,4,109.0,4
11496,6,109.0,5
11497,7,109.0,6
11498,27,109.0,7
11499,107,109.0,8
11500,185,109.0,9
11501,380,109.0,10
11502,411,109.0,11
11503,584,109.0,12
11504,595,109.0,13
11505,653,109.0,14
11506,603,109.0,15
11507,587,109.0,16
11508,522,109.0,17
11509,487,109.0,18
11510,375,109.0,19
11511,243,109.0,20
11512,204,109.0,21
11513,108,109.0,22
11514,82,109.0,23
11515,48,109.0,0
11516,24,109.0,1
11517,8,109.0,2
11518,4,109.0,3
11519,2,109.0,4
11520,20,109.0,5
11521,123,109.0,6
11522,349,109.0,7
11523,596,109.0,8
11524,268,109.0,9
11525,157,109.0,10
11526,163,109.0,11
11527,225,109.0,12
11528,247,109.0,13
11529,218,109.0,14
11530,231,109.0,15
11531,347,109.0,16
11532,683,109.0,17
11533,664,109.0,18
11534,471,109.0,19
11535,309,109.0,20
11536,221,109.0,21
11537,134,109.0,22
11538,60,109.0,23
11539,35,109.0,0
11540,21,109.0,1
11541,8,109.0,2
11542,3,109.0,3
11543,8,109.0,4
11544,17,109.0,5
11545,26,109.0,6
11546,169,109.0,7
11547,557,109.0,8
11548,349,109.0,9
11549,174,109.0,10
11550,229,109.0,11
11551,269,109.0,12
11552,249,109.0,13
11553,204,109.0,14
11554,234,109.0,15
11555,354,109.0,16
11556,681,109.0,17
11557,743,109.0,18
11558,487,109.0,19
11559,335,109.0,20
11560,282,109.0,21
11561,211,109.0,22
11562,95,109.0,23
11563,47,109.0,0
11564,15,109.0,1
11565,16,109.0,2
11566,6,109.0,3
11567,4,109.0,4
11568,33,109.0,5
11569,120,109.0,6
11570,358,109.0,7
11571,666,109.0,8
11572,315,109.0,9
11573,175,109.0,10
11574,184,109.0,11
11575,245,109.0,12
11576,228,109.0,13
11577,240,109.0,14
11578,256,109.0,15
11579,367,109.0,16
11580,729,109.0,17
11581,813,109.0,18
11582,504,109.0,19
11583,338,109.0,20
11584,239,109.0,21
11585,173,109.0,22
11586,98,109.0,23
11587,90,109.0,0
11588,24,109.0,1
11589,17,109.0,2
11590,6,109.0,3
11591,2,109.0,4
11592,21,109.0,5
11593,136,109.0,6
11594,384,109.0,7
11595,627,109.0,8
11596,304,109.0,9
11597,168,109.0,10
11598,201,109.0,11
11599,301,109.0,12
11600,265,109.0,13
11601,204,109.0,14
11602,283,109.0,15
11603,370,109.0,16
11604,704,109.0,17
11605,706,109.0,18
11606,522,109.0,19
11607,420,109.0,20
11608,299,109.0,21
11609,246,109.0,22
11610,121,109.0,23
11611,89,109.0,0
11612,48,109.0,1
11613,11,109.0,2
11614,14,109.0,3
11615,4,109.0,4
11616,24,109.0,5
11617,135,109.0,6
11618,356,109.0,7
11619,618,109.0,8
11620,294,109.0,9
11621,199,109.0,10
11622,258,109.0,11
11623,171,109.0,12
11624,278,109.0,13
11625,242,109.0,14
11626,343,109.0,15
11627,440,109.0,16
11628,643,109.0,17
11629,641,109.0,18
11630,452,109.0,19
11631,313,109.0,20
11632,235,109.0,21
11633,232,109.0,22
11634,256,109.0,23
11635,153,109.0,0
11636,107,109.0,1
11637,75,109.0,2
11638,32,109.0,3
11639,9,109.0,4
11640,22,109.0,5
11641,42,109.0,6
11642,87,109.0,7
11643,197,109.0,8
11644,284,109.0,9
11645,432,109.0,10
11646,575,109.0,11
11647,550,109.0,12
11648,524,109.0,13
11649,428,109.0,14
11650,541,109.0,15
11651,540,109.0,16
11652,502,109.0,17
11653,434,109.0,18
11654,405,109.0,19
11655,309,109.0,20
11656,269,109.0,21
11657,217,109.0,22
11658,149,109.0,23
11659,134,109.0,0
11660,121,109.0,1
11661,93,109.0,2
11662,28,109.0,3
11663,16,109.0,4
11664,11,109.0,5
11665,17,109.0,6
11666,36,109.0,7
11667,114,109.0,8
11668,191,109.0,9
11669,333,109.0,10
11670,414,109.0,11
11671,558,109.0,12
11672,565,109.0,13
11673,518,109.0,14
11674,571,109.0,15
11675,544,109.0,16
11676,511,109.0,17
11677,463,109.0,18
11678,383,109.0,19
11679,276,109.0,20
11680,203,109.0,21
11681,157,109.0,22
11682,102,109.0,23
11683,34,109.0,0
11684,9,109.0,1
11685,6,109.0,2
11686,5,109.0,3
11687,2,109.0,4
11688,23,109.0,5
11689,142,109.0,6
11690,385,109.0,7
11691,639,109.0,8
11692,350,109.0,9
11693,190,109.0,10
11694,213,109.0,11
11695,263,109.0,12
11696,272,109.0,13
11697,239,109.0,14
11698,262,109.0,15
11699,388,109.0,16
11700,769,109.0,17
11701,680,109.0,18
11702,546,109.0,19
11703,323,109.0,20
11704,247,109.0,21
11705,173,109.0,22
11706,113,109.0,23
11707,38,109.0,0
11708,9,109.0,1
11709,16,109.0,2
11710,6,109.0,3
11711,5,109.0,4
11712,20,109.0,5
11713,165,109.0,6
11714,463,109.0,7
11715,641,109.0,8
11716,295,109.0,9
11717,157,109.0,10
11718,217,109.0,11
11719,263,109.0,12
11720,219,109.0,13
11721,71,109.0,14
11722,134,109.0,15
11723,389,109.0,16
11724,717,109.0,17
11725,710,109.0,18
11726,458,109.0,19
11727,302,109.0,20
11728,223,109.0,21
11729,147,109.0,22
11730,63,109.0,23
11731,35,109.0,0
11732,14,109.0,1
11733,1,109.0,2
11734,2,109.0,3
11735,5,109.0,4
11736,28,109.0,5
11737,126,109.0,6
11738,418,109.0,7
11739,622,109.0,8
11740,325,109.0,9
11741,153,109.0,10
11742,201,109.0,11
11743,280,109.0,12
11744,266,109.0,13
11745,243,109.0,14
11746,259,109.0,15
11747,357,109.0,16
11748,705,109.0,17
11749,372,109.0,18
11750,98,109.0,19
11751,51,109.0,20
11752,34,109.0,21
11753,67,109.0,22
11754,55,109.0,23
11755,33,109.0,0
11756,11,109.0,1
11757,3,109.0,2
11758,3,109.0,3
11759,2,109.0,4
11760,24,109.0,5
11761,139,109.0,6
11762,401,109.0,7
11763,630,109.0,8
11764,361,109.0,9
11765,154,109.0,10
11766,256,109.0,11
11767,272,109.0,12
11768,318,109.0,13
11769,247,109.0,14
11770,271,109.0,15
11771,421,109.0,16
11772,732,109.0,17
11773,770,109.0,18
11774,553,109.0,19
11775,374,109.0,20
11776,230,109.0,21
11777,232,109.0,22
11778,135,109.0,23
11779,64,109.0,0
11780,46,109.0,1
11781,31,109.0,2
11782,13,109.0,3
11783,9,109.0,4
11784,26,109.0,5
11785,135,109.0,6
11786,351,109.0,7
11787,620,109.0,8
11788,322,109.0,9
11789,210,109.0,10
11790,291,109.0,11
11791,348,109.0,12
11792,363,109.0,13
11793,334,109.0,14
11794,439,109.0,15
11795,525,109.0,16
11796,779,109.0,17
11797,596,109.0,18
11798,503,109.0,19
11799,341,109.0,20
11800,270,109.0,21
11801,234,109.0,22
11802,180,109.0,23
11803,136,109.0,0
11804,93,109.0,1
11805,56,109.0,2
11806,34,109.0,3
11807,9,109.0,4
11808,13,109.0,5
11809,33,109.0,6
11810,67,109.0,7
11811,178,109.0,8
11812,335,109.0,9
11813,411,109.0,10
11814,522,109.0,11
11815,559,109.0,12
11816,659,109.0,13
11817,615,109.0,14
11818,590,109.0,15
11819,591,109.0,16
11820,576,109.0,17
11821,546,109.0,18
11822,439,109.0,19
11823,287,109.0,20
11824,230,109.0,21
11825,274,109.0,22
11826,176,109.0,23
11827,98,109.0,0
11828,94,109.0,1
11829,82,109.0,2
11830,28,109.0,3
11831,9,109.0,4
11832,12,109.0,5
11833,21,109.0,6
11834,60,109.0,7
11835,156,109.0,8
11836,222,109.0,9
11837,350,109.0,10
11838,428,109.0,11
11839,531,109.0,12
11840,602,109.0,13
11841,552,109.0,14
11842,499,109.0,15
11843,564,109.0,16
11844,478,109.0,17
11845,389,109.0,18
11846,339,109.0,19
11847,230,109.0,20
11848,169,109.0,21
11849,131,109.0,22
11850,74,109.0,23
11851,35,109.0,0
11852,11,109.0,1
11853,2,109.0,2
11854,2,109.0,3
11855,6,109.0,4
11856,26,109.0,5
11857,65,109.0,6
11858,75,109.0,7
11859,156,109.0,8
11860,110,109.0,9
11861,59,109.0,10
11862,79,109.0,11
11863,185,109.0,12
11864,176,109.0,13
11865,171,109.0,14
11866,196,109.0,15
11867,111,109.0,16
11868,229,109.0,17
11869,300,109.0,18
11870,304,109.0,19
11871,189,109.0,20
11872,152,109.0,21
11873,129,109.0,22
11874,75,109.0,23
11875,32,109.0,0
11876,19,109.0,1
11877,4,109.0,2
11878,6,109.0,3
11879,5,109.0,4
11880,8,109.0,5
11881,24,109.0,6
11882,92,109.0,7
11883,409,109.0,8
11884,355,109.0,9
11885,171,109.0,10
11886,224,109.0,11
11887,264,109.0,12
11888,239,109.0,13
11889,184,109.0,14
11890,256,109.0,15
11891,374,109.0,16
11892,678,109.0,17
11893,733,109.0,18
11894,512,109.0,19
11895,263,109.0,20
11896,109,109.0,21
11897,83,109.0,22
11898,71,109.0,23
11899,39,109.0,0
11900,21,109.0,1
11901,19,109.0,2
11902,6,109.0,3
11903,4,109.0,4
11904,38,109.0,5
11905,158,109.0,6
11906,440,109.0,7
11907,650,109.0,8
11908,347,109.0,9
11909,192,109.0,10
11910,267,109.0,11
11911,330,109.0,12
11912,350,109.0,13
11913,263,109.0,14
11914,274,109.0,15
11915,446,109.0,16
11916,873,109.0,17
11917,846,109.0,18
11918,590,109.0,19
11919,459,109.0,20
11920,393,109.0,21
11921,286,109.0,22
11922,133,109.0,23
11923,79,109.0,0
11924,28,109.0,1
11925,16,109.0,2
11926,3,109.0,3
11927,16,109.0,4
11928,35,109.0,5
11929,159,109.0,6
11930,474,109.0,7
11931,634,109.0,8
11932,346,109.0,9
11933,205,109.0,10
11934,279,109.0,11
11935,348,109.0,12
11936,327,109.0,13
11937,270,109.0,14
11938,316,109.0,15
11939,430,109.0,16
11940,852,109.0,17
11941,868,109.0,18
11942,537,109.0,19
11943,446,109.0,20
11944,299,109.0,21
11945,251,109.0,22
11946,166,109.0,23
11947,70,109.0,0
11948,49,109.0,1
11949,21,109.0,2
11950,14,109.0,3
11951,11,109.0,4
11952,34,109.0,5
11953,182,109.0,6
11954,515,109.0,7
11955,745,109.0,8
11956,361,109.0,9
11957,255,109.0,10
11958,334,109.0,11
11959,360,109.0,12
11960,395,109.0,13
11961,350,109.0,14
11962,391,109.0,15
11963,568,109.0,16
11964,812,109.0,17
11965,669,109.0,18
11966,483,109.0,19
11967,337,109.0,20
11968,258,109.0,21
11969,251,109.0,22
11970,174,109.0,23
11971,148,109.0,0
11972,104,109.0,1
11973,69,109.0,2
11974,33,109.0,3
11975,14,109.0,4
11976,12,109.0,5
11977,50,109.0,6
11978,95,109.0,7
11979,195,109.0,8
11980,292,109.0,9
11981,452,109.0,10
11982,586,109.0,11
11983,642,109.0,12
11984,704,109.0,13
11985,730,109.0,14
11986,672,109.0,15
11987,642,109.0,16
11988,626,109.0,17
11989,645,109.0,18
11990,432,109.0,19
11991,315,109.0,20
11992,259,109.0,21
11993,338,109.0,22
11994,239,109.0,23
11995,170,109.0,0
11996,130,109.0,1
11997,98,109.0,2
11998,66,109.0,3
11999,16,109.0,4
12000,8,109.0,5
12001,25,109.0,6
12002,90,109.0,7
12003,171,109.0,8
12004,313,109.0,9
12005,432,109.0,10
12006,581,109.0,11
12007,637,109.0,12
12008,607,109.0,13
12009,543,109.0,14
12010,502,109.0,15
12011,577,109.0,16
12012,549,109.0,17
12013,474,109.0,18
12014,402,109.0,19
12015,274,109.0,20
12016,233,109.0,21
12017,145,109.0,22
12018,86,109.0,23
12019,40,109.0,0
12020,15,109.0,1
12021,11,109.0,2
12022,2,109.0,3
12023,7,109.0,4
12024,15,109.0,5
12025,79,109.0,6
12026,153,109.0,7
12027,270,109.0,8
12028,186,109.0,9
12029,99,109.0,10
12030,106,109.0,11
12031,170,109.0,12
12032,184,109.0,13
12033,180,109.0,14
12034,225,109.0,15
12035,315,109.0,16
12036,508,109.0,17
12037,530,109.0,18
12038,448,109.0,19
12039,336,109.0,20
12040,241,109.0,21
12041,142,109.0,22
12042,97,109.0,23
12043,36,109.0,0
12044,27,109.0,1
12045,11,109.0,2
12046,5,109.0,3
12047,7,109.0,4
12048,17,109.0,5
12049,137,109.0,6
12050,324,109.0,7
12051,590,109.0,8
12052,333,109.0,9
12053,200,109.0,10
12054,189,109.0,11
12055,254,109.0,12
12056,243,109.0,13
12057,222,109.0,14
12058,245,109.0,15
12059,386,109.0,16
12060,785,109.0,17
12061,785,109.0,18
12062,364,109.0,19
12063,373,109.0,20
12064,261,109.0,21
12065,174,109.0,22
12066,105,109.0,23
12067,47,109.0,0
12068,32,109.0,1
12069,12,109.0,2
12070,5,109.0,3
12071,3,109.0,4
12072,35,109.0,5
12073,160,109.0,6
12074,468,109.0,7
12075,719,109.0,8
12076,297,109.0,9
12077,191,109.0,10
12078,197,109.0,11
12079,248,109.0,12
12080,270,109.0,13
12081,248,109.0,14
12082,257,109.0,15
12083,278,109.0,16
12084,285,109.0,17
12085,327,109.0,18
12086,376,109.0,19
12087,295,109.0,20
12088,245,109.0,21
12089,159,109.0,22
12090,106,109.0,23
12091,56,109.0,0
12092,30,109.0,1
12093,16,109.0,2
12094,4,109.0,3
12095,5,109.0,4
12096,30,109.0,5
12097,156,109.0,6
12098,415,109.0,7
12099,692,109.0,8
12100,301,109.0,9
12101,185,109.0,10
12102,221,109.0,11
12103,289,109.0,12
12104,302,109.0,13
12105,252,109.0,14
12106,291,109.0,15
12107,390,109.0,16
12108,798,109.0,17
12109,752,109.0,18
12110,492,109.0,19
12111,398,109.0,20
12112,285,109.0,21
12113,243,109.0,22
12114,167,109.0,23
12115,73,109.0,0
12116,42,109.0,1
12117,23,109.0,2
12118,14,109.0,3
12119,9,109.0,4
12120,30,109.0,5
12121,113,109.0,6
12122,359,109.0,7
12123,583,109.0,8
12124,340,109.0,9
12125,232,109.0,10
12126,283,109.0,11
12127,321,109.0,12
12128,333,109.0,13
12129,367,109.0,14
12130,466,109.0,15
12131,584,109.0,16
12132,653,109.0,17
12133,522,109.0,18
12134,404,109.0,19
12135,350,109.0,20
12136,255,109.0,21
12137,212,109.0,22
12138,166,109.0,23
12139,116,109.0,0
12140,82,109.0,1
12141,64,109.0,2
12142,31,109.0,3
12143,2,109.0,4
12144,10,109.0,5
12145,31,109.0,6
12146,54,109.0,7
12147,141,109.0,8
12148,289,109.0,9
12149,437,109.0,10
12150,520,109.0,11
12151,529,109.0,12
12152,539,109.0,13
12153,564,109.0,14
12154,513,109.0,15
12155,504,109.0,16
12156,462,109.0,17
12157,415,109.0,18
12158,373,109.0,19
12159,255,109.0,20
12160,251,109.0,21
12161,204,109.0,22
12162,150,109.0,23
12163,137,109.0,0
12164,78,109.0,1
12165,61,109.0,2
12166,36,109.0,3
12167,11,109.0,4
12168,7,109.0,5
12169,22,109.0,6
12170,52,109.0,7
12171,151,109.0,8
12172,270,109.0,9
12173,424,109.0,10
12174,519,109.0,11
12175,570,109.0,12
12176,498,109.0,13
12177,547,109.0,14
12178,535,109.0,15
12179,501,109.0,16
12180,522,109.0,17
12181,518,109.0,18
12182,442,109.0,19
12183,392,109.0,20
12184,143,109.0,21
12185,59,109.0,22
12186,96,109.0,23
12187,65,109.0,0
12188,59,109.0,1
12189,48,109.0,2
12190,18,109.0,3
12191,6,109.0,4
12192,9,109.0,5
12193,20,109.0,6
12194,67,109.0,7
12195,155,109.0,8
12196,263,109.0,9
12197,364,109.0,10
12198,476,109.0,11
12199,525,109.0,12
12200,556,109.0,13
12201,465,109.0,14
12202,460,109.0,15
12203,501,109.0,16
12204,405,109.0,17
12205,383,109.0,18
12206,395,109.0,19
12207,317,109.0,20
12208,247,109.0,21
12209,157,109.0,22
12210,82,109.0,23
12211,45,109.0,0
12212,14,109.0,1
12213,8,109.0,2
12214,3,109.0,3
12215,5,109.0,4
12216,33,109.0,5
12217,154,109.0,6
12218,450,109.0,7
12219,634,109.0,8
12220,257,109.0,9
12221,183,109.0,10
12222,197,109.0,11
12223,237,109.0,12
12224,239,109.0,13
12225,238,109.0,14
12226,256,109.0,15
12227,393,109.0,16
12228,781,109.0,17
12229,710,109.0,18
12230,526,109.0,19
12231,204,109.0,20
12232,71,109.0,21
12233,55,109.0,22
12234,50,109.0,23
12235,36,109.0,0
12236,4,109.0,1
12237,5,109.0,2
12238,5,109.0,3
12239,6,109.0,4
12240,41,109.0,5
12241,144,109.0,6
12242,483,109.0,7
12243,671,109.0,8
12244,305,109.0,9
12245,177,109.0,10
12246,208,109.0,11
12247,253,109.0,12
12248,289,109.0,13
12249,252,109.0,14
12250,275,109.0,15
12251,398,109.0,16
12252,839,109.0,17
12253,796,109.0,18
12254,556,109.0,19
12255,431,109.0,20
12256,304,109.0,21
12257,217,109.0,22
12258,160,109.0,23
12259,61,109.0,0
12260,26,109.0,1
12261,14,109.0,2
12262,8,109.0,3
12263,8,109.0,4
12264,33,109.0,5
12265,178,109.0,6
12266,507,109.0,7
12267,693,109.0,8
12268,311,109.0,9
12269,220,109.0,10
12270,218,109.0,11
12271,292,109.0,12
12272,293,109.0,13
12273,254,109.0,14
12274,290,109.0,15
12275,487,109.0,16
12276,827,109.0,17
12277,785,109.0,18
12278,591,109.0,19
12279,479,109.0,20
12280,359,109.0,21
12281,264,109.0,22
12282,140,109.0,23
12283,86,109.0,0
12284,34,109.0,1
12285,16,109.0,2
12286,4,109.0,3
12287,6,109.0,4
12288,45,109.0,5
12289,141,109.0,6
12290,402,109.0,7
12291,694,109.0,8
12292,298,109.0,9
12293,204,109.0,10
12294,235,109.0,11
12295,310,109.0,12
12296,316,109.0,13
12297,254,109.0,14
12298,258,109.0,15
12299,222,109.0,16
12300,227,109.0,17
12301,110,109.0,18
12302,45,109.0,19
12303,39,109.0,20
12304,85,109.0,21
12305,23,109.0,22
12306,73,109.0,23
12307,86,109.0,0
12308,76,109.0,1
12309,41,109.0,2
12310,26,109.0,3
12311,13,109.0,4
12312,12,109.0,5
12313,36,109.0,6
12314,86,109.0,7
12315,210,109.0,8
12316,332,109.0,9
12317,493,109.0,10
12318,536,109.0,11
12319,668,109.0,12
12320,679,109.0,13
12321,647,109.0,14
12322,702,109.0,15
12323,644,109.0,16
12324,586,109.0,17
12325,512,109.0,18
12326,554,109.0,19
12327,399,109.0,20
12328,316,109.0,21
12329,228,109.0,22
12330,238,109.0,23
12331,169,109.0,0
12332,121,109.0,1
12333,89,109.0,2
12334,50,109.0,3
12335,13,109.0,4
12336,12,109.0,5
12337,22,109.0,6
12338,35,109.0,7
12339,140,109.0,8
12340,300,109.0,9
12341,404,109.0,10
12342,511,109.0,11
12343,684,109.0,12
12344,686,109.0,13
12345,678,109.0,14
12346,644,109.0,15
12347,662,109.0,16
12348,578,109.0,17
12349,496,109.0,18
12350,453,109.0,19
12351,314,109.0,20
12352,246,109.0,21
12353,226,109.0,22
12354,108,109.0,23
12355,49,109.0,0
12356,14,109.0,1
12357,11,109.0,2
12358,5,109.0,3
12359,8,109.0,4
12360,35,109.0,5
12361,139,109.0,6
12362,517,109.0,7
12363,665,109.0,8
12364,282,109.0,9
12365,187,109.0,10
12366,239,109.0,11
12367,282,109.0,12
12368,274,109.0,13
12369,270,109.0,14
12370,292,109.0,15
12371,448,109.0,16
12372,834,109.0,17
12373,822,109.0,18
12374,645,109.0,19
12375,461,109.0,20
12376,265,109.0,21
12377,168,109.0,22
12378,86,109.0,23
12379,34,109.0,0
12380,20,109.0,1
12381,8,109.0,2
12382,5,109.0,3
12383,5,109.0,4
12384,36,109.0,5
12385,184,109.0,6
12386,569,109.0,7
12387,710,109.0,8
12388,335,109.0,9
12389,176,109.0,10
12390,227,109.0,11
12391,247,109.0,12
12392,267,109.0,13
12393,276,109.0,14
12394,272,109.0,15
12395,473,109.0,16
12396,850,109.0,17
12397,790,109.0,18
12398,513,109.0,19
12399,415,109.0,20
12400,283,109.0,21
12401,193,109.0,22
12402,113,109.0,23
12403,49,109.0,0
12404,27,109.0,1
12405,11,109.0,2
12406,8,109.0,3
12407,10,109.0,4
12408,38,109.0,5
12409,172,109.0,6
12410,547,109.0,7
12411,668,109.0,8
12412,303,109.0,9
12413,203,109.0,10
12414,226,109.0,11
12415,315,109.0,12
12416,303,109.0,13
12417,302,109.0,14
12418,300,109.0,15
12419,452,109.0,16
12420,724,109.0,17
12421,782,109.0,18
12422,538,109.0,19
12423,408,109.0,20
12424,298,109.0,21
12425,248,109.0,22
12426,123,109.0,23
12427,59,109.0,0
12428,22,109.0,1
12429,12,109.0,2
12430,5,109.0,3
12431,6,109.0,4
12432,34,109.0,5
12433,170,109.0,6
12434,526,109.0,7
12435,681,109.0,8
12436,337,109.0,9
12437,210,109.0,10
12438,237,109.0,11
12439,336,109.0,12
12440,315,109.0,13
12441,265,109.0,14
12442,333,109.0,15
12443,466,109.0,16
12444,869,109.0,17
12445,813,109.0,18
12446,602,109.0,19
12447,478,109.0,20
12448,313,109.0,21
12449,228,109.0,22
12450,177,109.0,23
12451,77,109.0,0
12452,29,109.0,1
12453,19,109.0,2
12454,8,109.0,3
12455,10,109.0,4
12456,29,109.0,5
12457,139,109.0,6
12458,428,109.0,7
12459,700,109.0,8
12460,382,109.0,9
12461,249,109.0,10
12462,264,109.0,11
12463,369,109.0,12
12464,416,109.0,13
12465,373,109.0,14
12466,397,109.0,15
12467,523,109.0,16
12468,793,109.0,17
12469,723,109.0,18
12470,555,109.0,19
12471,408,109.0,20
12472,339,109.0,21
12473,291,109.0,22
12474,215,109.0,23
12475,206,109.0,0
12476,123,109.0,1
12477,89,109.0,2
12478,40,109.0,3
12479,8,109.0,4
12480,19,109.0,5
12481,80,109.0,6
12482,87,109.0,7
12483,244,109.0,8
12484,340,109.0,9
12485,466,109.0,10
12486,569,109.0,11
12487,531,109.0,12
12488,585,109.0,13
12489,593,109.0,14
12490,555,109.0,15
12491,534,109.0,16
12492,495,109.0,17
12493,451,109.0,18
12494,360,109.0,19
12495,363,109.0,20
12496,316,109.0,21
12497,214,109.0,22
12498,230,109.0,23
12499,158,109.0,0
12500,116,109.0,1
12501,73,109.0,2
12502,29,109.0,3
12503,10,109.0,4
12504,13,109.0,5
12505,30,109.0,6
12506,62,109.0,7
12507,181,109.0,8
12508,266,109.0,9
12509,413,109.0,10
12510,499,109.0,11
12511,502,109.0,12
12512,492,109.0,13
12513,500,109.0,14
12514,475,109.0,15
12515,508,109.0,16
12516,521,109.0,17
12517,490,109.0,18
12518,375,109.0,19
12519,363,109.0,20
12520,253,109.0,21
12521,159,109.0,22
12522,110,109.0,23
12523,41,109.0,0
12524,24,109.0,1
12525,17,109.0,2
12526,6,109.0,3
12527,7,109.0,4
12528,37,109.0,5
12529,144,109.0,6
12530,503,109.0,7
12531,651,109.0,8
12532,316,109.0,9
12533,147,109.0,10
12534,202,109.0,11
12535,261,109.0,12
12536,248,109.0,13
12537,259,109.0,14
12538,259,109.0,15
12539,427,109.0,16
12540,800,109.0,17
12541,831,109.0,18
12542,596,109.0,19
12543,394,109.0,20
12544,250,109.0,21
12545,164,109.0,22
12546,80,109.0,23
12547,28,109.0,0
12548,16,109.0,1
12549,6,109.0,2
12550,12,109.0,3
12551,4,109.0,4
12552,29,109.0,5
12553,136,109.0,6
12554,303,109.0,7
12555,613,109.0,8
12556,285,109.0,9
12557,125,109.0,10
12558,65,109.0,11
12559,95,109.0,12
12560,59,109.0,13
12561,60,109.0,14
12562,116,109.0,15
12563,239,109.0,16
12564,681,109.0,17
12565,653,109.0,18
12566,491,109.0,19
12567,386,109.0,20
12568,274,109.0,21
12569,207,109.0,22
12570,89,109.0,23
12571,34,109.0,0
12572,28,109.0,1
12573,4,109.0,2
12574,8,109.0,3
12575,10,109.0,4
12576,40,109.0,5
12577,194,109.0,6
12578,505,109.0,7
12579,713,109.0,8
12580,352,109.0,9
12581,198,109.0,10
12582,246,109.0,11
12583,334,109.0,12
12584,255,109.0,13
12585,320,109.0,14
12586,281,109.0,15
12587,392,109.0,16
12588,857,109.0,17
12589,744,109.0,18
12590,671,109.0,19
12591,448,109.0,20
12592,396,109.0,21
12593,238,109.0,22
12594,153,109.0,23
12595,48,109.0,0
12596,21,109.0,1
12597,9,109.0,2
12598,5,109.0,3
12599,6,109.0,4
12600,40,109.0,5
12601,181,109.0,6
12602,506,109.0,7
12603,719,109.0,8
12604,357,109.0,9
12605,179,109.0,10
12606,228,109.0,11
12607,265,109.0,12
12608,284,109.0,13
12609,298,109.0,14
12610,324,109.0,15
12611,438,109.0,16
12612,867,109.0,17
12613,823,109.0,18
12614,579,109.0,19
12615,435,109.0,20
12616,337,109.0,21
12617,242,109.0,22
12618,172,109.0,23
12619,94,109.0,0
12620,51,109.0,1
12621,15,109.0,2
12622,5,109.0,3
12623,14,109.0,4
12624,33,109.0,5
12625,151,109.0,6
12626,430,109.0,7
12627,653,109.0,8
12628,366,109.0,9
12629,216,109.0,10
12630,286,109.0,11
12631,403,109.0,12
12632,393,109.0,13
12633,376,109.0,14
12634,377,109.0,15
12635,558,109.0,16
12636,823,109.0,17
12637,693,109.0,18
12638,467,109.0,19
12639,385,109.0,20
12640,333,109.0,21
12641,321,109.0,22
12642,222,109.0,23
12643,137,109.0,0
12644,95,109.0,1
12645,67,109.0,2
12646,27,109.0,3
12647,8,109.0,4
12648,23,109.0,5
12649,47,109.0,6
12650,78,109.0,7
12651,204,109.0,8
12652,367,109.0,9
12653,435,109.0,10
12654,566,109.0,11
12655,603,109.0,12
12656,617,109.0,13
12657,573,109.0,14
12658,583,109.0,15
12659,542,109.0,16
12660,593,109.0,17
12661,571,109.0,18
12662,461,109.0,19
12663,352,109.0,20
12664,290,109.0,21
12665,280,109.0,22
12666,183,109.0,23
12667,148,109.0,0
12668,88,109.0,1
12669,74,109.0,2
12670,28,109.0,3
12671,18,109.0,4
12672,17,109.0,5
12673,23,109.0,6
12674,48,109.0,7
12675,119,109.0,8
12676,274,109.0,9
12677,436,109.0,10
12678,546,109.0,11
12679,615,109.0,12
12680,614,109.0,13
12681,582,109.0,14
12682,463,109.0,15
12683,580,109.0,16
12684,593,109.0,17
12685,513,109.0,18
12686,390,109.0,19
12687,302,109.0,20
12688,246,109.0,21
12689,153,109.0,22
12690,108,109.0,23
12691,40,109.0,0
12692,14,109.0,1
12693,9,109.0,2
12694,4,109.0,3
12695,9,109.0,4
12696,23,109.0,5
12697,37,109.0,6
12698,145,109.0,7
12699,474,109.0,8
12700,250,109.0,9
12701,91,109.0,10
12702,121,109.0,11
12703,168,109.0,12
12704,225,109.0,13
12705,219,109.0,14
12706,237,109.0,15
12707,332,109.0,16
12708,723,109.0,17
12709,642,109.0,18
12710,463,109.0,19
12711,362,109.0,20
12712,273,109.0,21
12713,164,109.0,22
12714,74,109.0,23
12715,35,109.0,0
12716,14,109.0,1
12717,15,109.0,2
12718,8,109.0,3
12719,10,109.0,4
12720,37,109.0,5
12721,161,109.0,6
12722,480,109.0,7
12723,673,109.0,8
12724,328,109.0,9
12725,180,109.0,10
12726,230,109.0,11
12727,292,109.0,12
12728,272,109.0,13
12729,227,109.0,14
12730,259,109.0,15
12731,334,109.0,16
12732,811,109.0,17
12733,795,109.0,18
12734,514,109.0,19
12735,458,109.0,20
12736,276,109.0,21
12737,291,109.0,22
12738,125,109.0,23
12739,53,109.0,0
12740,27,109.0,1
12741,6,109.0,2
12742,8,109.0,3
12743,7,109.0,4
12744,39,109.0,5
12745,165,109.0,6
12746,464,109.0,7
12747,643,109.0,8
12748,316,109.0,9
12749,167,109.0,10
12750,188,109.0,11
12751,180,109.0,12
12752,211,109.0,13
12753,190,109.0,14
12754,179,109.0,15
12755,335,109.0,16
12756,691,109.0,17
12757,672,109.0,18
12758,539,109.0,19
12759,407,109.0,20
12760,344,109.0,21
12761,257,109.0,22
12762,123,109.0,23
12763,69,109.0,0
12764,18,109.0,1
12765,18,109.0,2
12766,11,109.0,3
12767,12,109.0,4
12768,40,109.0,5
12769,150,109.0,6
12770,463,109.0,7
12771,590,109.0,8
12772,256,109.0,9
12773,150,109.0,10
12774,161,109.0,11
12775,215,109.0,12
12776,172,109.0,13
12777,176,109.0,14
12778,194,109.0,15
12779,320,109.0,16
12780,615,109.0,17
12781,640,109.0,18
12782,499,109.0,19
12783,436,109.0,20
12784,311,109.0,21
12785,243,109.0,22
12786,146,109.0,23
12787,93,109.0,0
12788,31,109.0,1
12789,12,109.0,2
12790,7,109.0,3
12791,10,109.0,4
12792,38,109.0,5
12793,122,109.0,6
12794,359,109.0,7
12795,613,109.0,8
12796,333,109.0,9
12797,185,109.0,10
12798,236,109.0,11
12799,254,109.0,12
12800,300,109.0,13
12801,263,109.0,14
12802,284,109.0,15
12803,380,109.0,16
12804,646,109.0,17
12805,505,109.0,18
12806,362,109.0,19
12807,202,109.0,20
12808,217,109.0,21
12809,197,109.0,22
12810,174,109.0,23
12811,116,109.0,0
12812,123,109.0,1
12813,93,109.0,2
12814,42,109.0,3
12815,19,109.0,4
12816,12,109.0,5
12817,47,109.0,6
12818,78,109.0,7
12819,167,109.0,8
12820,332,109.0,9
12821,494,109.0,10
12822,516,109.0,11
12823,602,109.0,12
12824,564,109.0,13
12825,609,109.0,14
12826,483,109.0,15
12827,513,109.0,16
12828,530,109.0,17
12829,481,109.0,18
12830,425,109.0,19
12831,386,109.0,20
12832,322,109.0,21
12833,279,109.0,22
12834,225,109.0,23
12835,163,109.0,0
12836,127,109.0,1
12837,114,109.0,2
12838,60,109.0,3
12839,13,109.0,4
12840,8,109.0,5
12841,25,109.0,6
12842,71,109.0,7
12843,141,109.0,8
12844,232,109.0,9
12845,452,109.0,10
12846,506,109.0,11
12847,556,109.0,12
12848,585,109.0,13
12849,551,109.0,14
12850,487,109.0,15
12851,461,109.0,16
12852,532,109.0,17
12853,534,109.0,18
12854,423,109.0,19
12855,332,109.0,20
12856,253,109.0,21
12857,178,109.0,22
12858,87,109.0,23
12859,68,109.0,0
12860,31,109.0,1
12861,14,109.0,2
12862,5,109.0,3
12863,4,109.0,4
12864,43,109.0,5
12865,158,109.0,6
12866,485,109.0,7
12867,608,109.0,8
12868,268,109.0,9
12869,184,109.0,10
12870,181,109.0,11
12871,270,109.0,12
12872,260,109.0,13
12873,251,109.0,14
12874,233,109.0,15
12875,414,109.0,16
12876,833,109.0,17
12877,791,109.0,18
12878,582,109.0,19
12879,475,109.0,20
12880,331,109.0,21
12881,187,109.0,22
12882,103,109.0,23
12883,37,109.0,0
12884,30,109.0,1
12885,9,109.0,2
12886,9,109.0,3
12887,10,109.0,4
12888,39,109.0,5
12889,188,109.0,6
12890,552,109.0,7
12891,656,109.0,8
12892,328,109.0,9
12893,190,109.0,10
12894,235,109.0,11
12895,308,109.0,12
12896,306,109.0,13
12897,267,109.0,14
12898,317,109.0,15
12899,416,109.0,16
12900,900,109.0,17
12901,824,109.0,18
12902,612,109.0,19
12903,505,109.0,20
12904,328,109.0,21
12905,245,109.0,22
12906,131,109.0,23
12907,54,109.0,0
12908,23,109.0,1
12909,14,109.0,2
12910,8,109.0,3
12911,11,109.0,4
12912,36,109.0,5
12913,200,109.0,6
12914,527,109.0,7
12915,687,109.0,8
12916,282,109.0,9
12917,172,109.0,10
12918,209,109.0,11
12919,322,109.0,12
12920,321,109.0,13
12921,270,109.0,14
12922,249,109.0,15
12923,392,109.0,16
12924,843,109.0,17
12925,804,109.0,18
12926,643,109.0,19
12927,445,109.0,20
12928,367,109.0,21
12929,297,109.0,22
12930,159,109.0,23
12931,54,109.0,0
12932,25,109.0,1
12933,13,109.0,2
12934,7,109.0,3
12935,11,109.0,4
12936,47,109.0,5
12937,193,109.0,6
12938,508,109.0,7
12939,617,109.0,8
12940,351,109.0,9
12941,184,109.0,10
12942,211,109.0,11
12943,276,109.0,12
12944,236,109.0,13
12945,254,109.0,14
12946,219,109.0,15
12947,387,109.0,16
12948,705,109.0,17
12949,697,109.0,18
12950,571,109.0,19
12951,470,109.0,20
12952,398,109.0,21
12953,274,109.0,22
12954,171,109.0,23
12955,114,109.0,0
12956,42,109.0,1
12957,18,109.0,2
12958,8,109.0,3
12959,10,109.0,4
12960,45,109.0,5
12961,163,109.0,6
12962,380,109.0,7
12963,624,109.0,8
12964,300,109.0,9
12965,171,109.0,10
12966,188,109.0,11
12967,226,109.0,12
12968,239,109.0,13
12969,233,109.0,14
12970,230,109.0,15
12971,351,109.0,16
12972,539,109.0,17
12973,464,109.0,18
12974,363,109.0,19
12975,308,109.0,20
12976,236,109.0,21
12977,163,109.0,22
12978,48,109.0,23
12979,69,109.0,0
12980,58,109.0,1
12981,61,109.0,2
12982,23,109.0,3
12983,18,109.0,4
12984,10,109.0,5
12985,42,109.0,6
12986,92,109.0,7
12987,194,109.0,8
12988,275,109.0,9
12989,404,109.0,10
12990,452,109.0,11
12991,471,109.0,12
12992,428,109.0,13
12993,409,109.0,14
12994,404,109.0,15
12995,373,109.0,16
12996,362,109.0,17
12997,339,109.0,18
12998,374,109.0,19
12999,292,109.0,20
13000,213,109.0,21
13001,172,109.0,22
13002,152,109.0,23

