row_id,actual,privileged_signal_prediction,latent_signal,latent_noise
1200,0,0,-2.53885043663674,0.06344030704330814
1201,1,1,1.4754232945273538,-0.6033867339252258
1202,0,0,-1.5331743366010455,-0.15277937884237405
1203,1,1,1.9608715179599252,0.05757946503887029
1204,1,1,1.2293292391074528,0.34146035634570654
1205,0,0,-0.24208198305638962,-0.060695434290385764
1206,0,0,-0.33239249215410804,0.29398996775109754
1207,1,1,3.0054040309707624,-0.21309354619033166
1208,1,1,1.7375055335148586,-0.17370488123724181
1209,1,1,3.366184367115105,0.2932214669882836
1210,1,1,2.606539527068176,-0.25021992672471144
1211,1,1,1.6206618036041824,-0.45545303680141347
1212,0,0,-4.153111478616801,0.5771346818984702
1213,0,0,-1.9481169652742771,-0.09950727901490053
1214,0,0,-1.9037853050529674,0.10217380617549347
1215,0,0,-0.5118522157513075,0.08295429895204785
1216,0,0,-0.8901894476928676,0.1348681522606738
1217,0,0,-3.3346430245840883,0.21106293874003162
1218,0,0,-1.5860793641899575,-0.07611538392670632
1219,0,0,-0.44308232707699413,0.2297311840135537
1220,1,1,2.102421653400434,0.45217603108912574
1221,0,0,-0.3567658151709878,-0.11329958179971059
1222,0,0,-0.27822609636291973,0.35201481730228973
1223,0,0,-1.1687351396717833,-0.22586870647168988
1224,1,1,2.2245896555502487,-0.1699082249610596
1225,1,1,1.9222027958545276,-0.42995737704752846
1226,1,0,-0.23420322969319896,0.6452156173875863
1227,0,0,-2.5013646257725055,0.2237855900654651
1228,1,1,3.094808607897759,-0.005870006643279357
1229,0,0,-0.5428292382943984,-0.12701218805732994
1230,1,1,1.063778056420299,0.31095018740228175
1231,1,1,2.991293105451018,0.30506319488021344
1232,1,1,2.3479527396757023,0.6079861210737157
1233,0,0,-0.46525651619791397,0.2999600491334698
1234,0,0,-2.69315200934747,0.07638436097612103
1235,0,0,-1.7265567342262305,-0.15935174684103562
1236,1,1,2.193493433415155,-0.031155505346416507
1237,1,1,0.45606906896662136,0.3337161844611039
1238,1,1,0.7726860383221983,0.339346924265017
1239,0,0,-0.04266470643718978,0.11185485167283561
1240,1,1,0.48355721949985986,0.11569480096824561
1241,1,1,2.4593970812125465,-0.6635734722716118
1242,0,0,-2.5623488418456906,0.010403331949120758
1243,1,1,1.082479443055235,-0.34178783964810655
1244,1,0,0.059736955504209516,0.3879442361414675
1245,0,0,-0.3926660957319008,0.011838525369939385
1246,1,1,0.5425845896545625,-0.2857858345006909
1247,0,0,0.14568717127222286,-0.24758980035759962
1248,0,0,-1.2744059431531145,-0.03690336139029487
1249,0,0,-0.5084531005368962,0.21279782027693803
1250,1,1,1.179955317381033,0.4989511385601946
1251,0,0,-1.560308657859773,-0.2949952462306944
1252,0,0,-1.6881315629229738,-0.18067494833769457
1253,1,1,3.334801933971976,0.361963267208074
1254,0,0,-0.5595272957429379,0.11670272657060146
1255,0,0,-0.3173780278798415,0.15880676535011684
1256,0,0,-1.618993742585204,-0.08630727667435623
1257,0,0,-1.3766461699282844,-0.2697347361723932
1258,1,1,2.2676122433851624,-0.3027331165332816
1259,0,0,-4.15539263850168,-0.1912505918558232
1260,0,0,-4.269634413867166,-0.42824647958493794
1261,1,1,0.7423711172603921,0.13508166391770177
1262,0,0,-0.35947916056136564,0.4659564245436766
1263,1,1,2.114631648843771,-0.13119505460507178
1264,1,0,-0.4642669509413645,0.8780989413143626
1265,1,1,1.132989572118378,0.5116690921384985
1266,0,0,-2.6757965439915354,-0.1751486859491591
1267,0,0,-1.2660606108309163,-0.06301651149483986
1268,1,1,0.930074429314002,-0.020014435136641917
1269,0,0,-0.3577106211036203,-0.03604452745434817
1270,0,0,-3.4750534885421724,0.554523719341872
1271,0,0,-0.8009625813397265,0.0328052066881297
1272,0,0,-0.9572301255886957,-0.31202373931437327
1273,1,0,0.21468086348880033,0.37426975079335223
1274,0,0,-2.280401120355283,-0.5056805682047508
1275,0,0,0.13889583830413998,0.08971467678441569
1276,0,0,-2.6812767767139074,0.46054009480644353
1277,0,0,-0.5954449880227048,-0.32014549337531095
1278,1,1,1.114588819965924,0.5105628738205986
1279,0,0,-1.407419001613769,-0.5801143527543309
1280,1,1,2.9109567596203973,-0.300286270069085
1281,0,0,-1.9901817498151126,-0.1458700828241812
1282,0,0,-1.028430373875229,0.3615954104313893
1283,0,0,-3.9633026717224276,0.37258378592400176
1284,0,0,-0.04382378061724533,-0.14851647933815515
1285,1,1,2.3307837182468325,-0.09199603476753561
1286,0,0,-4.148859769843887,0.31013377179499496
1287,1,1,2.101649519548943,1.102568691744208
1288,1,1,0.5228314645637122,0.05720121057185096
1289,0,0,-1.360996991785035,-0.3767340016572975
1290,0,0,-2.195492595571979,-0.03549975613919121
1291,0,0,-2.288952485782916,-0.11415346897756745
1292,1,1,1.4945341222901336,-0.181171478071603
1293,0,0,-1.2142788643932043,-0.20877430484778467
1294,0,0,-0.29335574325404146,-0.1158784146590438
1295,0,0,-0.3117218054836215,0.0074729993119523105
1296,1,1,3.1515469469790016,-0.5153368183322771
1297,0,0,-3.3539356299404597,-0.11656882165020226
1298,1,1,2.3888353852913182,-0.032987690558430545
1299,1,1,1.542979171238867,0.04121642723313141
1300,1,1,1.167755229492033,0.06990078805422305
1301,1,1,0.7421851240940918,0.7791113182003385
1302,1,1,0.5322798849824886,-0.17344315271555882
1303,1,1,2.606304712720256,-0.7689897978730514
1304,1,1,3.1010946141349707,-0.10962584361689405
1305,0,0,-3.6767260796037564,0.19134027730563072
1306,0,0,-0.9060174609375036,-0.47758808306473344
1307,0,0,-3.6556881694100154,0.36026032056855406
1308,0,0,-2.4326028247320286,0.21573484526637274
1309,1,1,0.884878233824985,-0.4444532689787832
1310,1,1,1.0212922616607039,0.06937469553766366
1311,1,1,3.981117868933198,0.03314514529726235
1312,1,1,1.3176379852880697,-0.34558725969265747
1313,1,1,1.6293848615257165,-0.43575327279539916
1314,0,1,0.6552579943375737,-0.5931472327931002
1315,0,0,0.03080280781722755,-0.11479766899324564
1316,1,0,0.1573637467161595,0.13760225230560097
1317,0,0,-1.865530543172471,0.016175348942101334
1318,0,0,-2.8176341585331572,0.26150112681354565
1319,0,0,-2.748249289392357,-0.21104843162530285
1320,0,0,-1.0750857645915517,-0.3344296125825936
1321,0,0,-0.41255878858046646,0.2605714453247126
1322,0,0,-0.8936667573082766,0.13702736922138176
1323,0,0,-0.3367941460700138,-0.13157217450659017
1324,0,0,-2.1297056310091786,0.15415265532285496
1325,0,0,-1.2915974804029577,0.17038397078001452
1326,0,1,0.28597178976239856,-0.07754689688064242
1327,0,0,-1.7852188579853776,-0.05567527949197027
1328,1,1,1.193921989058079,-0.4676055544274472
1329,1,1,1.9111488369028655,-0.2555821530088846
1330,1,1,1.54488214187327,0.7232203191700525
1331,0,0,-1.4932864232354752,-0.17634248125769167
1332,0,0,-0.2711353739585225,-0.20336840641580267
1333,1,1,1.5767646823572925,0.35607141982415264
1334,1,1,2.014271170933697,0.20071296428942972
1335,1,1,0.9560200309250773,0.07311352868597226
1336,0,0,-1.348871038457134,-0.06993471098252692
1337,1,1,1.2814798706895358,-0.4333719099789328
1338,0,0,-0.0627229646144487,0.22103079451205146
1339,0,0,-0.5541958623110725,-0.15314137723447938
1340,0,0,-0.20500260470497467,0.28952499594667896
1341,0,0,-0.8230320035266875,-0.20550664369378113
1342,0,0,-3.7881409425238086,-0.06854710532781613
1343,0,0,-0.6562658841639286,-0.3491973394176767
1344,1,1,3.705250896747936,-0.01304640839779932
1345,0,0,-0.6451238662854715,-0.2732754619423412
1346,0,0,-3.001765932682665,0.252270548739093
1347,1,1,0.8301394038477932,-0.02278067659901499
1348,0,0,-0.2968339080778052,0.1975828839010769
1349,1,1,1.6807440975310313,-0.05687758888169672
1350,0,0,-1.4013994142956308,-0.10305064773237997
1351,1,1,0.8858255282096612,-0.026344128177583786
1352,0,0,-0.17285547220508934,0.3062048756442883
1353,0,0,-0.7466452501485014,0.11223451350932462
1354,0,0,-2.360506584878034,0.11744040236289559
1355,0,0,-0.6435280767408003,0.29863994334811794
1356,1,1,0.8927795897470172,-0.19864409406570063
1357,1,1,3.199138364618604,-0.01526286939918192
1358,0,0,-0.38789876670966705,0.34916921923100624
1359,1,1,1.8704154980395096,-0.020817893222221367
1360,0,0,-4.040878846562157,0.20227096842706263
1361,0,0,-0.41924130314421293,-0.2676676453914057
1362,1,1,3.1504506614369845,0.5139121798030393
1363,0,0,-1.7618790443823984,0.015981673190784036
1364,0,0,-3.5878761886687185,-0.13385723973636088
1365,1,1,2.6325736622344387,0.26051283502852707
1366,0,0,-0.6676113678721206,0.16779058267924055
1367,0,1,0.3020754619437701,-0.27700653056731656
1368,1,1,0.7548989477608207,-0.2599415340452345
1369,1,1,2.5479342217056073,0.01910164979632163
1370,1,1,1.8260915845146588,0.006248653854105457
1371,1,1,3.5320390297381445,0.24482374545350435
1372,0,0,-1.3882104043380776,-0.041866859371406745
1373,1,1,1.1305514397977503,0.020673131881748446
1374,1,1,2.8378722982712508,0.47322242434840106
1375,0,0,0.14634316435434203,-0.37420434489064186
1376,1,1,2.1196744977206,0.08293467750823962
1377,1,1,2.8691293931691995,-0.09828012139518102
1378,0,0,-1.2133603458474735,0.0004125992702348538
1379,0,0,-1.535750248655592,-0.46982868033432557
1380,0,0,0.11535028021722382,-0.18552897924591236
1381,0,0,-0.46082381425174407,0.2011767016362101
1382,1,1,1.7356877808037545,-0.2677581557136189
1383,1,1,0.6978374513042853,0.19919253140487891
1384,1,1,0.847621912323461,0.3701032549309218
1385,0,0,-1.34675742063382,-0.17699052839735288
1386,0,0,-0.8959552502148299,0.11379142841739397
1387,1,1,3.5817342341703036,-0.10864826641095708
1388,0,0,-2.8207054146288337,-0.35890094823937985
1389,1,1,0.9015250621693496,-0.2183683276174325
1390,1,1,0.6612795824517035,-0.3156780749253692
1391,1,1,1.179743352625063,-0.1834407328580831
1392,0,0,-2.468812091353853,-0.17598418201943888
1393,1,1,2.833307337292086,0.23607667098585008
1394,1,1,0.39740363084980673,-0.004717618419185855
1395,1,1,0.3409927495158741,0.3720055815285097
1396,1,1,0.775286672248245,0.243878774326342
1397,1,1,2.0014615274766383,-0.40738251084707394
1398,0,0,-0.1354320416391015,0.31979318949649965
1399,0,0,-2.0290334503960823,-0.04288260001262013
1400,0,0,-1.5154984450773763,-0.42824357673699476
1401,1,1,2.9944617518478798,-0.08193725131574756
1402,0,0,-3.7945945056517454,-0.39127462860548273
1403,1,0,0.06496363851029807,0.34077095411478614
1404,1,1,1.143005574762594,-0.17218881242831469
1405,1,1,0.5454745530657695,0.10190663753484604
1406,0,0,-0.5168607976045192,-0.3059865914160448
1407,0,0,-1.7059273462974012,-0.0878875791987243
1408,0,0,-1.9552673401330478,-0.21857808769196901
1409,0,0,-0.9193502516049274,-0.15211701988969964
1410,0,0,-1.1250210916085936,-0.06424986004588894
1411,0,0,-3.315310892945254,-0.3515096347052718
1412,0,0,-0.5779074858187421,0.29528556243836357
1413,0,1,0.3861930843438435,-0.2192718055563015
1414,0,0,-0.64571521555573,-0.3112346201162796
1415,1,1,4.245787166433003,0.11785366053932109
1416,1,1,3.1255292427735273,0.20568865968104807
1417,0,0,-0.4885899348710139,0.14638057506036936
1418,0,0,-0.4455199021637499,-0.07247328568270296
1419,1,1,2.592340651581739,-0.10213419551756141
1420,0,0,-0.5322023919907393,-0.3371018460355266
1421,1,1,2.8433535922059567,0.5650843624506753
1422,0,0,-1.577275285434224,-0.6616199747339995
1423,0,0,-2.0999556904005674,0.2875022532846008
1424,0,0,-1.2581357081927613,0.03617946365610997
1425,1,1,0.44663487325268436,0.0839103087235081
1426,0,0,-2.8046238882781336,0.5578070666001249
1427,0,0,-0.3963316001998247,-0.8051241415800665
1428,0,0,-1.6898313413351849,0.34455235089356295
1429,1,1,2.2327188204274675,0.0840171724953094
1430,1,1,1.9873247369602867,-0.3386100586612682
1431,0,0,-0.340284409589079,-0.25821841481590047
1432,1,1,1.9610065251346112,0.2226946228382236
1433,0,0,-1.549847365925306,-0.21400281310295322
1434,1,1,1.2327342623338915,-0.14794632834073349
1435,0,0,0.24350028277590985,-0.07576488841262144
1436,0,1,0.4341790793137752,-0.3043775088254623
1437,0,0,-0.4303703061257488,-0.14572071971593992
1438,0,0,-1.536942632117452,-0.11233992149470624
1439,1,1,1.1745180486698144,-0.2402844212636918
1440,1,0,0.1818263113260723,0.10905943368607053
1441,0,0,-0.2456426502141713,-0.3142725025964813
1442,0,0,-2.983484181003718,-0.020410384413031526
1443,1,1,1.9287842856729707,-0.4111002887716971
1444,0,0,-0.4417545896724231,-0.28714823090309516
1445,0,0,-1.7527734564089354,0.03684197902188262
1446,0,0,-2.92156714521421,0.09038956502648413
1447,0,0,0.23977859057971274,-0.03439119534532729
1448,1,1,1.266054401063677,0.07039314455513113
1449,0,0,-0.45634306671708624,0.3343095026805138
1450,1,1,0.25596818552892686,0.018185560633111584
1451,0,1,0.7166408349809719,-0.5222260937821965
1452,0,0,-0.17338184731344042,0.003537528796393241
1453,0,0,-0.03035221311163222,-0.3217944175224398
1454,1,1,1.2759435058700888,-0.02227217206334859
1455,0,0,-0.15986339507305303,-0.296002640983436
1456,1,1,0.47534526721941417,-0.2077566353345593
1457,0,0,-0.7350000644429444,0.09660375638278733
1458,1,1,0.955895462089114,0.3918524082943695
1459,1,1,3.374977364960057,0.21374315907473257
1460,1,1,1.9621673470906424,-0.34962885466648236
1461,0,0,-4.536047141564316,-0.687785417390621
1462,1,1,0.6213410756722167,0.0406562292641858
1463,1,1,1.3540631394316767,0.5275965857095836
1464,0,0,-0.5666130337885651,0.1291943130892447
1465,1,0,0.0166649509871426,0.9028057798836735
1466,0,0,-1.9641338268648187,-0.05104540100393903
1467,1,1,5.526384657783274,-0.011544113822055361
1468,1,1,1.093840862712538,0.4748791783525912
1469,1,1,1.0518601339203244,0.3383307943458074
1470,0,0,-1.9630602425140107,-0.09879263429574865
1471,0,0,-1.532488434828505,-0.46481452382900157
1472,1,1,1.5258494952675732,-0.49360644033797607
1473,0,0,-1.2547882850246186,-0.0916225849301714
1474,0,0,-2.5249104869093264,-0.23377779873286597
1475,0,0,-0.339938012951018,0.20648920476252963
1476,0,0,-0.19768089530065358,-0.4663826044014593
1477,1,1,1.5709216257539542,0.3015572609818582
1478,0,0,-0.9158135770123141,0.047839903165864166
1479,0,0,-0.20360323085858734,-0.14161309685716977
1480,0,0,-1.3176795647209196,0.1515087185556885
1481,0,0,-1.2990466390578463,-0.2860529502188225
1482,0,0,-4.049446355277501,0.22155768655956468
1483,0,0,-1.966905431694332,-0.18490212076706028
1484,0,0,-1.673579575832287,0.1293897766173465
1485,1,1,2.718184452886149,-0.3096043502249715
1486,0,0,-2.503042701687985,0.07922779574225466
1487,1,1,2.57829166494448,-0.22047684745571794
1488,0,0,-2.170209118582403,-0.4592117350431713
1489,1,1,1.2934166728119918,-0.14591936763216318
1490,0,0,-0.8774493247050016,-0.2924202659836362
1491,0,0,-3.8229530745463745,-0.7121990499170544
1492,0,1,0.2847406599655449,-0.10854579302928392
1493,0,0,-0.43894324570882204,0.029018152385846055
1494,0,0,-0.22875135801876995,0.46439765583305115
1495,1,1,3.8032365431526305,-0.16039023608791628
1496,0,0,0.00886540515095302,0.033317067496016754
1497,0,0,-1.5447169764808164,0.16720125888602824
1498,0,0,-1.7822736502253584,0.06312891194360422
1499,0,0,-0.5379517417288442,-0.34347379082900337
1500,0,0,-0.07648433011410227,0.2939179083819837
1501,0,0,-1.188200579935057,0.3300254516291833
1502,1,1,1.1736920658968342,0.7557492442101891
1503,0,0,-1.2193149537724572,0.33133109437249936
1504,0,0,-1.1048855318451454,0.26871699968844776
1505,0,0,-1.4844581640987182,-0.05988503070114341
1506,0,0,-1.856490515052534,0.2679072581954599
1507,0,0,-0.8297089172706841,-0.4634334790067295
1508,0,0,-4.675771572693615,-0.1093275740330738
1509,0,0,-1.9654301716467777,-0.3523192689530733
1510,0,0,-1.5540274235682001,0.37249331395828833
1511,1,1,0.3228289376108506,0.021426440144342238
1512,0,0,-1.0191068971499844,-0.15586126928954122
1513,0,0,-2.132603722694811,-0.7589790005661742
1514,0,0,-2.0425888432815196,-0.50244773221319
1515,0,0,-0.33107719027638205,0.2665483962844768
1516,0,0,-1.950097065580557,0.04987562867664493
1517,0,0,-1.600796264890114,0.30660444665886216
1518,0,0,-2.441348708676707,0.24369724148524918
1519,0,0,-1.0811768613119415,0.20157376498181154
1520,0,0,-1.7470775658341782,0.20290471714980088
1521,1,1,2.824137187159365,0.17206268992571366
1522,1,1,0.7605351461509411,0.1358600737105048
1523,1,1,1.2814933399551642,-0.5101717484125841
1524,0,0,-1.595774956226807,0.3116807737670394
1525,0,0,-0.7522677128716816,-0.07469188141275598
1526,0,0,-0.496934812806499,-0.23466962425363533
1527,0,0,-1.3285149724228464,0.39028452810777825
1528,0,0,-1.2347310851798103,0.3796229980017723
1529,1,1,2.2870619529056997,-0.2207090131495835
1530,1,1,0.5545923162220108,0.27660211164576237
1531,1,1,0.9623649399985492,0.14931183999414438
1532,0,0,-1.9194534815177224,-0.1611846996766212
1533,0,0,-0.6636058754182358,-0.16588794046222208
1534,1,1,1.708417210015826,0.20828875906613664
1535,1,1,1.2430605893110287,0.5518113379839665
1536,0,0,-0.4431996543059622,0.21448877660367943
1537,1,1,0.7576403736419852,-0.0714335248159086
1538,1,1,3.875308685205761,0.27044436400161387
1539,0,0,-3.245193044762275,-0.603504897160233
1540,1,1,2.5921238622426435,-0.28743019406305664
1541,1,1,2.82871132736763,-0.050544204213069856
1542,1,1,1.371400934982709,-0.19373784085872897
1543,1,1,0.5527322160186748,0.3752335095812908
1544,0,1,0.27940370768310296,-0.29914035960119023
1545,1,1,1.3707125172922976,-0.23149714032027557
1546,1,0,0.20219530124527707,0.6448823575054982
1547,0,0,-0.5733600745187791,0.06098847442887101
1548,0,0,-3.7061973190357973,-0.020772502885144564
1549,0,0,-1.225997152310158,0.17341436219157447
1550,1,1,0.7958588059715269,-0.14121785722944677
1551,1,1,3.3024398048508807,0.15154868404377714
1552,0,0,-0.27855259126462345,0.004115970539400006
1553,0,0,-0.3017466279210701,0.0813533355157513
1554,1,1,1.035544977110759,-0.6962509277082712
1555,0,0,-0.9195414757893977,-0.4235970089130399
1556,0,0,-0.655979248337074,0.5250063650118221
1557,0,0,-0.9930327579368061,-0.2461992695125469
1558,1,1,0.9655828208945294,0.04359486431511216
1559,0,0,-0.6016937705366464,-0.4882324019158858
1560,0,0,-0.19975989238200287,0.4036000200320753
1561,1,1,0.49719233939257196,0.2181293942849616
1562,1,1,1.0084419376404066,0.046269995144634236
1563,0,0,-2.9691255762192927,0.3759338179647378
1564,0,0,0.007863428770468958,-0.22830719273919026
1565,0,0,-1.0821418711161224,0.13555411883632598
1566,1,1,1.3143682030346018,-0.24604712039770993
1567,0,0,-2.117817768535088,-0.524888490163048
1568,1,1,2.673284488180562,-0.36919390932296603
1569,0,0,-0.11161540748232812,0.20884051919823565
1570,1,1,2.789694336241309,0.25106956340916897
1571,0,0,-2.4973935099735414,0.5190766380361885
1572,0,0,0.1441096734727192,-0.1877984221588634
1573,1,1,0.5806834749705331,-0.30751857306952357
1574,1,0,-0.0916273132860761,0.3734423852109991
1575,1,1,1.8146799232139408,-0.5179114664386204
1576,0,0,0.07881394035592015,-0.044648376494783835
1577,1,1,1.7962759634049226,0.3517150071692294
1578,1,1,3.7806121404501387,0.5239473571424264
1579,0,0,-0.2451624168304578,-0.24943368793784673
1580,1,1,2.6243383872803814,0.3981743463587283
1581,0,0,-1.4850766980015626,-0.10756924073966022
1582,0,0,-1.801632952028904,-0.23805150236703976
1583,0,0,0.22163375588410528,-0.1672639722409822
1584,0,0,-0.07177781177924802,0.20284098436143286
1585,0,0,-1.9791102167990045,-0.31363638355115936
1586,0,0,-1.4495744965353248,-0.015881004877491316
1587,0,0,0.23802755520278346,-0.10563765458845413
1588,0,0,-1.134161049778857,-0.23377768463634163
1589,0,0,-0.8288527058050896,0.515528757179278
1590,0,0,-1.0283898263858897,-0.31828359210984886
1591,0,0,-0.45158963868388424,0.3260909379076285
1592,0,1,0.4114833987978569,-0.44203618024906915
1593,0,0,-2.785331410917115,0.4516594729240557
1594,0,1,0.4259949494691111,-0.657499399519994
1595,1,1,0.7582062886712172,0.4804263795066954
1596,0,0,-0.751212346540055,-0.22671671381419403
1597,0,0,-2.640501158675498,-0.08909958040595821
1598,0,0,-3.109267464107809,-0.0518809008919689
1599,0,0,-0.963643001299503,-0.4127928575299841
1600,1,1,2.868122171551993,-0.548470632609245
1601,0,0,-0.7865697265786942,-0.09406252059059757
1602,0,0,-0.23274391750351553,0.22831178711062067
1603,1,1,0.44733055326397275,0.2760217649078232
1604,1,1,0.6360661781665322,-0.03772217698805396
1605,1,0,0.0822745841245196,0.18724080511078742
1606,1,0,0.19035943823514956,0.18110384901262105
1607,0,0,-0.3195655148434088,-0.5639607746414431
1608,0,0,-1.6995229536472651,0.0871094301285874
1609,0,0,-2.635089097784998,-0.07429737015201264
1610,0,0,-1.4531222607289935,0.23681133718264402
1611,0,0,-0.17451907514284515,0.05323669862158558
1612,1,1,0.8298710435654926,-0.4215068147877415
1613,0,0,-1.1129457635089166,0.36238273755548095
1614,0,0,-1.7008647754781845,0.550171996165435
1615,0,0,-2.7059986419582964,0.07411824894570536
1616,0,0,-0.21781371405264902,-0.3135852562674167
1617,0,0,-1.145226527262172,0.34885018104680326
1618,0,0,-2.5421601742786764,-0.3057523990769924
1619,0,0,-3.9532967790029,-0.24740056903370128
1620,1,1,0.7281552541777002,-0.040020266586448285
1621,0,0,-0.12832957827937985,-0.21608994025181555
1622,0,0,-0.5327989221065861,-0.5922671086919163
1623,0,0,-0.5579158239585048,-0.19815742565390024
1624,1,1,1.3027556614685458,-0.1893408298945164
1625,1,1,1.9743148742317658,0.11166028786963297
1626,0,0,-0.4700053562027329,0.35534100311263117
1627,1,1,3.1424232236171097,-0.08212341837889407
1628,1,1,1.18318939157948,0.06820098783265578
1629,0,0,-0.38271143052839257,0.42713126621454345
1630,1,1,0.8269208325522504,-0.06540502791446692
1631,1,1,0.7900288343051758,0.018895232686200834
1632,1,1,0.9926311906338219,0.4269555312103357
1633,1,1,2.2940242997502045,-0.027406469018200433
1634,0,0,-0.05281657736513157,0.05923637984976943
1635,1,0,-0.25697394445119426,0.5704606820389072
1636,0,0,-1.4006266109931516,-0.5188815987845026
1637,0,0,-0.9713336629242054,-0.13305287627957865
1638,1,1,0.6190736789242308,0.3296081745578175
1639,0,0,-1.7600015376765397,0.09836604174395143
1640,0,0,-0.03917712834413923,-0.34206457080270697
1641,0,0,0.09798204368283159,-0.2077562977714305
1642,1,1,1.96217046919815,0.619955796551698
1643,1,1,2.4405280504045304,0.41878840628545194
1644,0,0,-1.179996962264033,-0.061699018250505513
1645,1,1,2.3865435496628966,0.3136555726354983
1646,0,0,-2.6514109581531704,0.07546514833133307
1647,1,1,1.9266383934666371,0.2844682459823168
1648,0,0,-0.8148489243575336,-0.03261876532319111
1649,1,0,-0.054966264025406164,0.3626428004873704
1650,0,0,-1.1155250299963109,0.4686011894981164
1651,1,1,1.0783161887312627,0.22193018287820307
1652,0,0,-0.06844828583897689,0.29347635455237253
1653,1,1,1.226429639953036,0.1080830276434544
1654,1,1,0.5042290160562717,0.027599563530702417
1655,0,0,-1.611896669884556,-0.53391972718617
1656,1,1,1.152316156068111,0.3555860432989286
1657,0,0,-0.6644230069355301,0.16241883187223335
1658,1,1,0.7662364945640947,0.1893386138354754
1659,1,1,0.662284069676464,0.6807770304711629
1660,1,1,1.0788826053003038,0.19941267539535085
1661,1,1,1.8569237054796415,0.3188209024672481
1662,1,1,0.3075985459599012,0.08055685035005698
1663,0,0,-1.1638112067444861,0.138164144071347
1664,1,1,0.31433041391387084,0.07295091184320672
1665,1,1,1.68045165267846,0.22366185127508714
1666,0,0,-1.958317669562871,-0.3061566448491442
1667,1,1,2.937571700850164,-0.32928839062739573
1668,0,0,-1.8318911475901298,-0.32249814717928627
1669,0,0,-0.9722078483757166,0.6050499640596683
1670,0,0,-0.631155547027628,0.4087589887677828
1671,1,1,1.947265636075992,-0.16428782832206684
1672,1,1,2.096500012128329,0.4049018758588247
1673,0,0,-0.43111947879513535,-0.5003052543960351
1674,1,1,1.1868671214807827,0.170354047804523
1675,1,1,1.5761739155276075,-0.14397068264997964
1676,0,0,-1.4765263816852654,-0.31969501412789464
1677,1,1,1.1869732096146883,-0.09138617918345474
1678,0,0,-1.7459994611163723,0.2742842208759489
1679,1,1,0.8568288204127851,0.2587931457290123
1680,1,1,2.022775782305413,-0.13604888664488424
1681,1,1,0.5773442845692727,-0.26695776959661266
1682,0,0,0.14217809255209746,-0.2564441922278245
1683,0,0,-0.16174824674100763,-0.25941500185772265
1684,1,1,0.6966613426833356,0.30518329573672204
1685,0,1,0.5304246979533558,-0.35062990795434745
1686,1,1,1.3126329891468185,0.11217128295620181
1687,0,1,0.2504438346538096,-0.4584540774891751
1688,1,1,0.5386914843260483,-0.06093524245143385
1689,1,1,1.3321170296725264,0.08693733087124558
1690,1,1,3.2974221075429817,-0.28000540591596607
1691,0,0,-0.44146607732323273,-0.3118618020867059
1692,1,1,2.3475828989772807,0.2598089422354348
1693,0,0,-2.3066685901448145,0.3192258237662665
1694,1,1,1.1889911241312814,0.641695716177229
1695,1,1,1.033883815258082,-0.5399766447089601
1696,0,0,0.14894772280609223,-0.16493974247225268
1697,1,1,1.025525708675001,-0.24420855117412438
1698,0,0,-0.38527101243683526,-0.0781778245487627
1699,1,1,0.32092945612143287,0.23924295364401044
1700,1,1,3.5432946895765536,0.012717292040096303
1701,0,0,0.19654359133628896,-0.1528785364123501
1702,0,0,-3.057608029897102,0.05161025003664731
1703,1,1,3.051351010832164,0.10094972099923533
1704,0,1,0.2834029274034684,-0.2521386073144168
1705,0,0,-1.976082915978604,-0.42354932975251824
1706,0,0,-1.7713268703735607,0.19746560998515741
1707,1,1,3.0187555151131806,0.08515314171580167
1708,1,1,0.6636473796879627,-0.039160182550318404
1709,0,0,-2.2806903257364346,0.09650840580548876
1710,0,1,0.2998882417112342,-0.3580931287763129
1711,1,1,0.5966837967495435,-0.046749523317126195
1712,0,0,-0.45710205012287997,-0.6097796044712596
1713,1,1,1.3335071351149494,0.04160782078878571
1714,0,0,-0.11693042437479784,0.30552294646177786
1715,0,0,-1.2528325603697654,-0.3802745299174865
1716,1,1,1.719827379743306,-0.40201993605986003
1717,1,1,0.5137997807029773,0.04080387474871511
1718,0,0,-0.2389649254707119,0.05385931771308643
1719,0,0,-1.82986456256496,-0.3795426221324491
1720,0,0,-0.4274560943688044,-0.30700203085105515
1721,0,0,-0.8327030121548402,0.1063130295638423
1722,1,1,0.3256596752286004,0.16022378195206508
1723,0,0,-1.6785628844285119,0.03514916364819433
1724,1,1,1.0459818139490498,-0.09206878195725067
1725,1,1,2.209097027746023,0.2954405399657829
1726,0,0,-1.8539060105374519,-0.19148732479993666
1727,0,0,-0.11419107453499522,-0.20788450278291815
1728,0,0,-0.3870138091069386,-0.5231097493302943
1729,1,1,0.9710479928936155,-0.6193179531385574
1730,1,1,1.374768572167656,-0.35166120750767577
1731,0,0,-1.5868373791674961,0.3518573676715244
1732,0,0,-1.951051205014584,0.3413248828759291
1733,0,0,-1.5087174229615528,-0.044914515674300694
1734,0,0,-1.0854556640469104,-0.6306943497603533
1735,0,0,-0.08171327848556753,-0.12288897298890783
1736,0,0,-1.1483960293377242,0.09398134971190318
1737,1,1,0.3864552362999059,-0.01309320167054404
1738,0,0,-0.48635078781967467,0.3147689267794009
1739,1,0,0.05932012869758596,0.20067640805965148
1740,0,0,-1.7589178155530245,-0.010547813268249691
1741,1,1,1.8045271560056415,0.20741625254996224
1742,0,0,-1.7663328113097854,0.23284872599197592
1743,0,0,-0.04164552307686842,-0.8589363155678932
1744,0,0,-2.8203993369286446,0.2080113677341527
1745,0,0,-3.6760272682605417,-0.3414616692049815
1746,0,0,-0.8540338970145321,-0.031727486732611866
1747,1,1,0.48931924636332624,-0.06436981476324448
1748,0,0,-4.220478310299914,-0.23707425118728592
1749,0,0,-2.109041679222344,-0.25152895565335726
1750,1,1,3.033161161568,-0.06432347883476443
1751,0,0,-1.5437065994287356,-0.04743549916632759
1752,0,0,0.2407805118432509,0.004650340281795624
1753,1,1,4.797650362980181,-0.006981824690094525
1754,0,0,-1.936589360087864,-0.26105373784132363
1755,0,0,-0.43743571714871443,0.3865499375089067
1756,0,0,0.148016773996008,-0.23086869664759993
1757,0,1,0.3254990772167691,-0.42213029308740685
1758,0,0,-1.1859641290488874,-0.20079678990501112
1759,1,1,1.1610228855299338,0.08619559652242917
1760,0,0,-0.32019595794087374,0.2692548149172675
1761,1,1,1.1710894873509432,-0.28638685386843243
1762,0,0,-0.879129625910241,0.06261374508524983
1763,0,0,-1.819247277839912,-0.6856172057849842
1764,0,0,-3.0045729833751187,-0.272345095715428
1765,0,0,-5.025804280902967,0.6690302218072159
1766,0,0,-0.9963285357877291,-0.1870855575579882
1767,1,1,0.9676199251411237,0.1232141804639052
1768,1,1,0.9943584643445098,0.30234917075883305
1769,1,1,2.845036863429299,0.31916273295817227
1770,1,1,0.7226507966591342,-0.16977460106075515
1771,1,1,1.5585479986750825,-0.18642493830271525
1772,0,0,-1.7132280341249277,0.1564855602315038
1773,1,1,1.8639869615078057,-0.4414986798568155
1774,0,0,0.010687519388475342,0.19964640570559056
1775,0,0,-1.6045666223698272,0.1578982952673566
1776,1,1,1.3367527501344987,-0.2160228181576947
1777,0,0,-2.3320802280479445,0.25053569081256005
1778,1,1,1.1317853999772716,-0.055444672169974
1779,1,1,2.0136014217713,0.3766787704281024
1780,0,0,0.24845532682505678,-0.507754067850131
1781,1,1,1.9183200527392377,-0.020208596037810406
1782,1,1,1.8210826226831118,0.250948982974973
1783,0,0,-2.3300585165326773,-0.21025348081311704
1784,0,0,-1.9671374006197855,-0.18993951366637052
1785,1,1,2.198497233718025,0.4459813662129846
1786,0,0,-2.620959583445635,-0.13923502437542679
1787,0,0,-2.1504677639232304,-0.38619102736123145
1788,0,0,-0.7555985261283098,-0.31095286025901064
1789,1,1,2.9857628671896266,0.08309355125553271
1790,0,0,-2.490924019999306,-0.19104596090335665
1791,1,1,0.875070479946936,-0.3553904475351763
1792,1,0,0.0759618141867835,0.2017099322809673
1793,0,0,-1.8386809149584817,-0.43525239026301127
1794,1,1,0.4018022939150475,0.08986521555410186
1795,1,1,0.5454194062327519,-0.148757045688072
1796,0,0,-1.1382220530454101,-0.20313765440772483
1797,1,1,0.9197855922688263,0.06300699156336861
1798,0,0,-0.6716003573192479,-0.31817123073214965
1799,1,1,0.8928876457151391,0.06494807895831226
1800,0,0,-0.2037041817536378,0.10613966449458771
1801,1,1,3.0017784115901014,-0.24463183647266845
1802,0,0,-0.7204437632829268,0.0837080118647552
1803,0,0,-1.8591689744404984,0.18496271491126132
1804,0,0,0.011385438748192589,0.023939102013390338
1805,0,0,-3.1307360581375514,0.01452909822025826
1806,1,1,0.47533817616531554,-0.021229523365935945
1807,0,0,-1.445765522865813,-0.36217184599047564
1808,1,1,2.906522909021718,0.20435218887292347
1809,1,0,0.030429533828922863,0.4074988957037264
1810,1,1,0.2716111360036231,0.0012350897851252363
1811,0,0,-1.0981112900473533,-0.3849612036235426
1812,0,0,0.11026340296721154,-0.30561847237106415
1813,1,1,1.971642706263033,-0.16207397605758334
1814,0,0,-3.428132030999641,-0.11172251148717441
1815,1,1,2.2718283192754667,0.2673557675808967
1816,0,0,-0.06957946878247578,-0.4498712846034095
1817,0,0,-0.3465896125526806,-0.1663329206618497
1818,1,1,1.604806751383191,-0.36279739954948537
1819,0,0,-0.9242535702392691,0.04111281973738153
1820,0,0,-1.6680920657832632,0.07599763040247683
1821,0,0,-2.2187432433842407,0.13562234012649302
1822,1,1,2.319421934039788,0.5823081141964942
1823,1,1,0.7970658476601704,-0.12200277383708842
1824,0,0,-2.5097808607661287,-0.4306141116145393
1825,0,1,0.26643941849160724,-0.20032847290177805
1826,1,1,1.1653223615784083,-0.5650380009824681
1827,1,1,2.0041751867471405,-0.57873093170638
1828,1,1,1.1660114965534674,0.05317481690066692
1829,1,1,0.3330436288082901,0.009818083429414037
1830,0,0,-0.18567882299893756,0.0060139197722957885
1831,0,0,-0.16043294132031594,-0.22727758571636486
1832,1,1,1.930269778934355,-0.06302130578318967
1833,0,0,-2.8954828118126663,0.2939249576206286
1834,0,0,-0.22786825468918925,-0.3599544702320948
1835,0,0,-1.1206196046514285,0.1263201389490514
1836,0,0,-3.5227245622387797,0.041377226097649815
1837,0,0,-1.758338142711752,-0.022546159607056776
1838,0,0,-0.18959013059505436,-0.01890264699046771
1839,0,0,-1.2582214901511597,0.1291328218582149
1840,1,1,1.7754212379200278,-0.04790818059846229
1841,0,0,-0.05491811518897732,0.12400503602364077
1842,1,1,1.3181542948722262,-0.5113574466658812
1843,1,1,0.37115561256784263,0.3425889025710312
1844,1,1,1.690116906038143,0.23745990862293503
1845,0,0,-1.5943897429237357,0.1758335752855565
1846,0,0,-0.887865668800555,-0.25472266944901206
1847,0,0,-2.368283039241122,-0.773276270713663
1848,0,0,-3.2941533226957613,-0.10548676604593492
1849,1,1,1.004338046960834,0.372898017943387
1850,0,0,-1.939186497237472,0.03143292426236137
1851,0,0,-0.38789100134065435,0.10033603567449463
1852,1,1,1.7753480056801634,-0.07425805822641338
1853,0,0,-2.945790127304096,-0.11030544497421868
1854,1,1,0.28879235775664824,0.09462747854221733
1855,0,0,-0.22550534775152098,-0.3223334320445539
1856,0,0,-2.265048413302711,0.3081292844265771
1857,1,1,2.62165255874556,0.4064061509317283
1858,1,1,0.5181255160922338,0.04786829205106984
1859,1,1,0.3963372758696777,0.05112903746486798
1860,0,1,0.7185032681442695,-0.46883178646659657
1861,0,0,-0.9967814446271692,-0.09065826514889899
1862,0,0,-0.36102705245919375,0.039964125782088696
1863,1,1,1.1935635086561156,-0.22663151464106618
1864,1,1,0.7136447611846151,0.08242165690029689
1865,0,0,-1.4794373701711505,0.5721829854787381
1866,0,0,-0.2017269916891311,0.19621315720584487
1867,1,1,1.0605314727520667,-0.42435586787927376
1868,1,1,1.7632487458485224,0.18454679146274636
1869,1,1,2.1558977123345957,-0.0010173546693590793
1870,1,1,1.0381451164973485,-0.05453679603130433
1871,1,1,0.7724432054600607,0.18410744563136414
1872,1,1,1.3819345074294178,0.21795193526553336
1873,0,0,-1.6086120479664712,-0.10812912177061558
1874,0,1,0.268686624894926,-0.4659021338647785
1875,0,0,-0.9438496813632911,-0.05630680586426235
1876,0,0,-2.152992223546286,-0.23241266013913087
1877,0,0,-1.1607779300258447,0.25448406150872804
1878,0,0,-1.136313370877735,0.23560233285639848
1879,1,1,0.6443432030220616,0.050971579690214035
1880,0,0,-1.4014933899254214,-0.3907244237448763
1881,1,1,1.477723006523922,-0.2799004815843197
1882,1,1,0.3362530748306569,0.027416154504977225
1883,0,0,-2.10697352627317,0.23025054708998832
1884,1,1,1.2882873709034661,-0.3637402341372652
1885,0,0,-1.9636966912152993,0.3293479299028351
1886,1,1,0.9297696466122114,0.021901911682447078
1887,0,0,-1.5590872464752856,0.06998234176963186
1888,0,0,-2.9538563710343917,0.5124438782244682
1889,1,1,1.6239175415240001,0.23964787435860088
1890,1,1,5.726986083130967,-0.0013628897627891194
1891,1,1,0.801352598521361,0.041579904464229
1892,0,0,-0.6131801414118063,-0.6248473429400414
1893,0,1,0.9464012140346058,-1.1156403612936951
1894,0,0,-0.28637639014468763,-0.01485065148192435
1895,1,1,1.7876613864123736,-0.09440343599198964
1896,0,0,-0.25658728861775004,0.3522311306055476
1897,0,1,0.3704419658165104,-0.1852187211909917
1898,0,0,0.006555724606203017,-0.10914428819994319
1899,1,1,1.6553182304829517,-0.38184154010543586
1900,0,0,-0.51204008990597,0.12487823028226114
1901,0,0,-2.035340386737608,0.16448074400424295
1902,1,1,2.8182428441277096,-0.21990273584703815
1903,0,0,-0.5114362303598173,-0.24155689134112704
1904,0,0,-3.4175189651930977,-0.011360129030385661
1905,0,0,-1.5854147989016445,0.311703736150394
1906,0,0,-2.251892923640051,0.12081869681876466
1907,1,1,0.4342976497242086,0.22409499554769405
1908,1,1,0.6540321382669253,0.15407808611295593
1909,0,0,-1.1305713497905832,0.15749321944938083
1910,0,0,-0.7915536262635539,-0.06662452189047176
1911,0,0,-2.1405272188899263,0.2419955174873921
1912,0,0,-0.8614639231088066,0.6189065404310975
1913,0,0,-0.8109221256019413,0.17269896936901374
1914,0,0,-1.3932826694419909,0.10547206986913381
1915,0,0,-2.286486616853263,-0.08789238829751926
1916,0,0,-0.6218301743885614,-0.30375500707204534
1917,0,0,-1.3434240877095962,0.4340858608402891
1918,0,0,-1.6622300171095556,0.4962719364406344
1919,1,1,1.9767806319346142,0.267196390263346
1920,1,1,1.497879838841,-0.2770023366699964
1921,0,0,-0.5257650828470025,0.0370097184493702
1922,1,1,0.4493419264128753,0.04310584007096161
1923,0,0,0.20002890028449594,-0.08834102576735517
1924,0,0,-3.4173091626423426,-0.14414549568710905
1925,0,0,0.12899292958839004,0.017267501289708748
1926,0,0,-1.7170710024041467,-0.2717584392228237
1927,0,0,-1.404429989974642,0.1926390964860973
1928,0,0,-3.2164205334376663,-0.09623281326358613
1929,0,0,-0.20829157813686522,0.30695355829724574
1930,0,0,-0.08931541383839026,0.319362642323759
1931,0,0,-0.3519815897754125,-0.17656385189669818
1932,1,1,2.020145941604386,-0.12756997311727594
1933,1,1,1.8798848101982226,-0.32745091290682155
1934,1,1,1.5589799598977458,0.04089210444336893
1935,0,0,-1.6366287219512343,-0.7185710721321269
1936,1,1,0.8270409991519442,0.4011838405291047
1937,1,1,0.2532175911070721,0.2473047255276149
1938,1,1,1.5013209290111775,-0.3596230681117559
1939,1,1,2.2261659018555564,-0.08966749877747568
1940,0,0,0.15821091160665895,-0.09631035826730204
1941,1,1,0.3949808833942545,0.18617940990963547
1942,0,0,-0.5179668472932699,-0.10974854894340269
1943,0,0,-2.6946788645938087,-0.3403698826283125
1944,0,0,-0.8565806777439999,0.12256667976125211
1945,1,0,0.2343321784556196,0.6813941285943005
1946,0,0,-0.2929634545989245,0.09510380966479857
1947,1,1,1.761193363542853,-0.07370598592172867
1948,0,0,-1.3225058065357858,0.26695298651396754
1949,0,0,-0.2707720679189224,-0.4076403781924602
1950,0,0,-1.2646399610687276,0.014010769534051858
1951,1,1,1.2982318333418945,0.13704701134863304
1952,0,0,-2.862969409890723,-0.24257462264456128
1953,0,0,-1.3963594394272467,-0.4565563763338573
1954,0,0,-1.5274640082483173,-0.03560129220930827
1955,0,0,-0.8408065656515591,0.013723544672455262
1956,1,1,1.729016716106896,0.0453354696091376
1957,0,0,-1.7613678451832413,0.42807881197224984
1958,0,0,-0.616750076360669,0.1455708361407825
1959,1,1,0.8799339752688508,-0.17754118854746037
1960,1,1,1.662322705123718,0.06983061686400954
1961,1,1,1.0481863693805271,-0.23327820495951881
1962,1,1,2.399563938314696,-0.05137822269456183
1963,1,1,0.6289188441512391,0.5274997457311205
1964,0,0,-2.6760086272377466,0.2515000075260532
1965,1,1,1.705684030363855,-0.45511562047617077
1966,0,0,-0.9720958402220359,-0.23574977462745478
1967,0,0,-3.731235859134006,0.3295432380193361
1968,1,1,5.911433514777919,0.469103642275537
1969,1,1,4.115561831444476,-0.3197063437170199
1970,0,0,-0.23602647016486822,-0.05892036808076261
1971,1,1,0.8166749897393415,-0.010339292272550796
1972,0,1,0.3478306105699486,-0.16810311084003535
1973,1,1,3.7845939263949293,-0.3011482904964857
1974,1,1,1.8393788272743006,0.11543658423559425
1975,1,1,1.2596223854910058,-0.24886848297546607
1976,1,1,2.400551341804538,-0.460238364713969
1977,0,0,-2.5056697601525264,-0.08765874054080566
1978,1,1,2.4894952494430145,-0.3811699821011994
1979,1,1,2.4229305200787166,-0.2855913397948113
1980,0,0,0.002768113788068627,0.0019928992321789456
1981,0,0,-0.7660458791485262,0.48221235360727077
1982,0,0,-1.1151742800417948,-0.552442663863607
1983,1,1,1.7891786461718855,0.06683306008465915
1984,0,0,-0.8867891705486146,0.22404315679525613
1985,0,0,-0.2832268783611921,0.2918664688116913
1986,0,0,-0.19117652831180743,0.2681853717810827
1987,0,0,-0.5073390911271318,0.35050895689491063
1988,0,0,-1.9381703816859543,0.3050255024503589
1989,0,0,-1.4767972585531801,0.03470531053949062
1990,0,0,-1.1545967173236458,-0.15782379855746545
1991,0,0,-0.8313980046912086,0.2941485310121334
1992,0,0,0.013762650442580626,-0.3441074994001463
1993,1,1,2.9344409812800536,-0.14795403507638122
1994,1,1,0.6589465774997182,-0.21742080826541652
1995,1,0,0.16050947180049724,0.10689481975617039
1996,1,1,0.8533226545370733,0.44374939574599903
1997,1,1,2.6295524594120705,-0.17159181344905558
1998,1,1,1.1112653081119483,-0.12533117260280474
1999,1,1,0.7958704368824888,0.10443025632926592
